# Review worksheet; Korean drafts are overlaid from translation/korean-draft.tsv.
# id	file offset	length	raw bytes	Japanese	Korean translation	status
0001	0x01CF69	0026	D0 5D 3D 46 66 43 04 05 3C 59 48 68 CD D4 4E 65 68 D5 00 20 4A 62 4F 3C 53 0D CD 59 4A 3F 44 46 42 0A 45 3C 1F D2	[CLR]もうしわけございません\n[KATAKANA]トロン[HIRAGANA]が たりないので\nまたおこしください˳[WAI]	[CLR]정말 죄송합니다\n[KATAKANA]트론[HIRAGANA]이 부족하니\n다음에 다시 오세요˳[WAI]	draft-ko
0002	0x01D0E7	0010	80 2D 4B 80 6D 00 3C 6E 19 3C 0D 55 65 3E 4F 3C	持ち物がいっぱいでひろえない	소지품이 가득 차서 주울 수 없습니다.	draft-ko
0003	0x01D0F8	0012	D0 80 EA 00 58 46 3C 68 0A 0F 80 0F 68 0D 42 64 60 1F	[CLR]何がほしいんだ?選んでくれよ˳	[CLR]뭘 원해? 골라 봐.˳[WAI]	draft-ko
0004	0x01D14E	001D	D0 4F 68 0A 20 80 2D 4B 80 6D 00 3C 6E 19 3C 0D CD 66 4A 48 4F 3C 06 6F 4F 3C 40 1F D2	[CLR]なんだ 持ち物がいっぱいで\nわたせないじゃないか˳[WAI]	[CLR]이런, 소지품이 가득 차서\n건네줄 수가 없잖아.˳[WAI]	draft-ko
0005	0x01D28A	001A	D0 C5 3C E2 80 0B 67 20 47 4D 59 47 40 0F CD 20 5E 5C 4D 3F 42 CD 20 47 4D 63	[CLR][TBL:3CE2800B]を すてますか?\n やめておく\n すてる	[CLR][TBL:3CE2800B]을 버릴까요?\n 아니요\n 버리기	draft-ko
0006	0x01D2DE	0022	D0 D4 3B 3C 4D 5B D5 53 80 1A 41 67 4C 5C 59 47 40 0F CD 20 80 1A 41 67 4C 5C 63 CD 20 5E 5C 4D 3F 42	[CLR][KATAKANA]アイテム[HIRAGANA]の空きをつめますか?\n 空きをつめる\n やめておく	[CLR][KATAKANA]아이템[HIRAGANA]의 빈자리를 정리할까요?\n 빈자리 정리\n 그만두기	draft-ko
0007	0x01D301	0025	D0 D4 3B 3C 4D 5B D5 67 80 19 80 1B 50 4F 61 15 40 3E 59 47 40 0F CD 20 4F 61 15 40 3E 63 CD 20 5E 5C 4D 3F 42	[CLR][KATAKANA]アイテム[HIRAGANA]を順番にならびかえますか?\n ならびかえる\n やめておく	[CLR][KATAKANA]아이템[HIRAGANA]을 순서대로 정렬할까요?\n 정렬하기\n 그만두기	draft-ko
0008	0x01D440	002D	D0 C5 3C E2 80 0B 67 80 23 63 50 54 CD C6 04 82 0B D4 4E 65 68 80 09 80 0A D5 0D 47 1F CD 20 80 23 63 20 20 20 20 20 20 5E 5C 4D 3F 42	[CLR][TBL:3CE2800B]を作るには\n[NUM:04820B][KATAKANA]トロン必要[HIRAGANA]です˳\n 作る      やめておく	[CLR][TBL:3CE2800B]을 만들려면\n[NUM:04820B] [KATAKANA]트론[HIRAGANA]이 필요합니다.˳\n 만들기      그만두기	draft-ko
0009	0x01D47D	001F	D0 80 2D 4B 80 6D 00 20 3C 6E 19 3C 0D CD 80 28 46 3C 5D 53 54 20 80 23 64 59 48 68 60 1F D2	[CLR]持ち物が いっぱいで\n新しいものは 作れませんよ˳[WAI]	[CLR]소지품이 가득 차서\n새로운 물건은 만들 수 없습니다.˳[WAI]	draft-ko
0010	0x01D49D	0023	D0 44 64 54 20 5D 3D 80 2D 6E 4D 3F 63 06 6F 65 CD 4A 42 45 68 80 23 6E 4D 5D 81 09 81 04 4F 3C 09 1F D2	[CLR]これは もう持っておるじゃろ\nたくさん作っても仕方ないぞ˳[WAI]	[CLR]이건 이미 가지고 있잖아.\n많이 만들어도 소용없어.˳[WAI]	draft-ko
0011	0x01D60B	0010	D0 44 64 54 20 80 03 80 2B 0D 41 4F 3C 60 1F D2	[CLR]これは 合成できないよ˳[WAI]	[CLR]이건 합성할 수 없어.˳[WAI]	draft-ko
0012	0x01D686	001B	D0 44 53 D4 3B 3C 4D 5B D5 54 20 D4 62 45 3C 42 63 D5 CD 0D 41 59 48 68 52 1F D2	[CLR]この[KATAKANA]アイテム[HIRAGANA]は [KATAKANA]リサイクル[HIRAGANA]\nできませんね˳[WAI]	[CLR]이 [KATAKANA]아이템[HIRAGANA]은 [KATAKANA]리사이클[HIRAGANA]\n할 수 없네요.˳[WAI]	draft-ko
0013	0x01D6D8	0052	C1 03 11 C7 0D 04 00 3F 59 3E 45 68 54 20 5D 3D 76 80 2C 5D CD D4 65 18 6E 4E D5 67 20 80 2D 6E 4D 3F 63 06 6F 65 3D CD 49 64 0A 43 3F 64 14 20 80 2E 80 2F 06 6F 1F C0 D0 58 3C 20 41 4A 6E 7D 45 6E 49 42 CD 80 23 80 24 50 4E 62 40 40 63 09 7D 7D	[POS:0311][BOX:0D0400]おまえさんは もう3台も\n[KATAKANA]ロボット[HIRAGANA]を 持っておるじゃろう\nそれだけおれば 十分じゃ˳[END][CLR]ほい きたっ!さっそく\n作業にとりかかるぞ!!	[POS:0311][BOX:0D0400]로봇을 벌써 3대나\n가지고 있잖아.\n이 정도면 충분해.˳[END][CLR]자, 됐다! 어서\n작업을 시작하자!!	draft-ko
0014	0x01D760	0013	D0 D4 5C 68 4D 4F 68 47 D5 00 80 30 66 62 59 46 4A 1F D2	[CLR][KATAKANA]メンテナンス[HIRAGANA]が終わりました˳[WAI]	[CLR][KATAKANA]정비[HIRAGANA]가 끝났습니다˳[WAI]	draft-ko
0015	0x01D859	000F	D0 44 53 80 02 67 4E 3D 65 42 46 59 47 40 0F	[CLR]この技をとうろくしますか?	[CLR]이 기술을 등록할까요?	draft-ko
0016	0x01D869	000E	D0 20 4E 3D 65 42 20 20 20 20 45 42 06 71	[CLR] とうろく    さくじょ	[CLR] 등록    삭제	draft-ko
0017	0x01D89F	002F	DD C1 08 03 C7 0A 0B FF 20 20 80 33 80 34 53 41 65 42 C1 08 15 41 65 42 67 80 0F 68 0D 42 0A 45 3C 20 CD 20 20 20 20 20 20 20 20 20 20 20 20	[DEC:C10803C7]だぢ[CMD:FF]  冒険のきろく[POS:0815]きろくを選んでください \n            	[DEC:C10803C7]だぢ[CMD:FF]  모험 기록[POS:0815]기록을 선택해 주세요 \n	draft-ko
0018	0x01D8CF	007F	DD C1 08 03 C7 0A 0B FF 20 20 41 65 42 53 D4 44 1A 73 D5 CD CD 20 20 20 20 20 20 20 20 20 20 20 20 CD 20 20 20 20 20 20 20 20 20 20 20 20 CD 20 20 20 20 20 20 20 20 20 20 20 20 CD 20 20 20 20 20 20 20 20 20 20 20 20 CD 20 20 20 20 20 20 20 20 20 20 20 20 CD 20 20 20 20 20 20 20 20 20 20 20 20 CD CD 0E 64 67 D4 44 1A 73 D5 46 59 47 40 0F 20 CD 20 20 20 20 20 20 20 20 20 20 20 20	[DEC:C10803C7]だぢ[CMD:FF]  きろくの[KATAKANA]コピー[HIRAGANA]\n\n            \n            \n            \n            \n            \n            \n\nどれを[KATAKANA]コピー[HIRAGANA]しますか? \n            	[DEC:C10803C7]だぢ[CMD:FF]  기록 복사\n\n            \n            \n            \n            \n            \n            \n\n무엇을 복사할까요? \n	draft-ko
0019	0x01D96F	001F	DD C1 08 15 20 5E 5C 4D 3F 42 20 20 20 20 20 20 CD 20 D4 44 1A 73 D5 47 63 20 20 20 20 20 20	[DEC:C1081520]やめておく      \n [KATAKANA]コピー[HIRAGANA]する      	[DEC:C1081520]그만두기      \n 복사하기	draft-ko
0020	0x01D9DE	001E	DD C1 08 15 20 5E 5C 4D 3F 42 20 20 20 20 20 20 CD 20 80 35 46 59 47 20 20 20 20 20 20 20	[DEC:C1081520]やめておく      \n 消します       	[DEC:C1081520]그만두기      \n 삭제	draft-ko
0021	0x01DC5D	0032	80 39 80 3A 80 3B 53 D4 4F 01 45 D5 45 68 4E 20 80 3C 80 3D 0D 41 63 CD 46 40 46 20 80 3E 80 3F 80 40 80 41 00 80 42 3C 4E CD 80 3C 80 3D 0D 41 4F 3C	研究所の[KATAKANA]ナギサ[HIRAGANA]さんと 通信できる\nしかし 電波状態が悪いと\n通信できない	연구소의 [KATAKANA]나기사[HIRAGANA] 씨와 통신할 수 있어.\n하지만 전파 상태가 나쁘면\n통신할 수 없어.	draft-ko
0022	0x01DC90	0031	80 08 3D 4E 20 80 43 41 4F 80 44 00 80 45 63 D4 58 73 68 D5 CD 80 46 67 3F 0E 40 46 4A 62 20 80 47 80 48 67 55 3C 4A 62 CD 47 63 44 4E 00 0D 41 63	使うと 大きな音が出る[KATAKANA]ホーン[HIRAGANA]\n人をおどかしたり 注意をひいたり\nすることができる	사용하면 큰 소리를 내는 [KATAKANA]호른[HIRAGANA]\n사람을 놀라게 하거나 주의를 끌 수 있어.	draft-ko
0023	0x01DCC2	0024	5D 02 61 80 49 53 D4 0E 62 63 D5 CD 5E 66 61 40 3C 80 4A 5E 40 17 00 CD 44 64 0D 20 58 63 44 4E 00 0D 41 63	もぐら型の[KATAKANA]ドリル[HIRAGANA]\nやわらかい岩やかべが\nこれで ほることができる	두더지 모양의 [KATAKANA]드릴[HIRAGANA]\n부드러운 바위나 벽을\n이걸로 팔 수 있어.	draft-ko
0024	0x01DCE7	0036	44 64 67 80 4B 50 59 4E 3D 4E 20 46 14 61 42 CD 80 4C 80 2F 53 80 4D 67 20 80 35 47 44 4E 00 0D 41 63 CD 80 4E 80 4F 00 80 35 3E 63 4E 20 4F 42 4F 6E 4D 46 59 3D	これを身にまとうと しばらく\n自分の姿を 消すことができる\n効果が消えると なくなってしまう	이걸 몸에 두르면 잠시 동안\n자신의 모습을 숨길 수 있어.\n효과가 사라지면 없어져 버려.	draft-ko
0025	0x01DD1E	003A	44 64 67 20 80 08 3D 4E 20 D4 52 07 5A D5 50 80 50 80 4B 46 4D CD D4 52 07 5A 80 51 D5 67 20 80 3C 63 44 4E 00 0D 41 4A 62 CD D4 52 07 5A D5 4E 20 80 52 47 44 4E 00 0D 41 63	これを 使うと [KATAKANA]ネズミ[HIRAGANA]に変身して\n[KATAKANA]ネズミ穴[HIRAGANA]を 通ることができたり\n[KATAKANA]ネズミ[HIRAGANA]と 話すことができる	이걸 쓰면 [KATAKANA]쥐[HIRAGANA]로 변신해\n[KATAKANA]쥐구멍[HIRAGANA]을 지나갈 수 있고\n[KATAKANA]쥐[HIRAGANA]와 대화할 수도 있어.	draft-ko
0026	0x01DD59	0031	44 64 67 80 0D 80 0E 46 4D 3F 42 4E CD 80 53 53 D4 66 4F D5 5E 20 40 42 46 D4 4E 15 61 D5 4F 0E CD 56 0A 68 20 80 54 3E 4F 3C 5D 53 00 80 54 3E 63	これを裝備しておくと\n敵の[KATAKANA]ワナ[HIRAGANA]や かくし[KATAKANA]トビラ[HIRAGANA]など\nふだん 見えないものが見える	이걸 장비하면\n적의 [KATAKANA]함정[HIRAGANA]이나 숨겨진 [KATAKANA]문[HIRAGANA]처럼\n평소엔 안 보이는 것이 보여.	draft-ko
0027	0x01DDB0	0031	80 55 80 56 80 57 80 58 7E 80 59 80 5A 80 43 80 5B 4F 0E 67 44 4F 47 CD D4 65 18 6E 4E D5 CD 81 37 6E 4D 3C 63 80 46 50 20 80 5C 46 4D 3B 03 60 3D	家事全般·日曜大工などをこなす\n[KATAKANA]ロボット[HIRAGANA]\n困っている人に 貸してあげよう	집안일과 목공일 등을 해내는\n[KATAKANA]로봇[HIRAGANA]\n곤란한 사람에게 빌려주자.	draft-ko
0028	0x01DDE2	0014	42 61 5E 5A 67 4D 61 47 44 4E 53 0D 41 63 CD D4 61 3C 4E D5	くらやみをてらすことのできる\n[KATAKANA]ライト[HIRAGANA]	어둠을 밝혀 주는\n[KATAKANA]라이트[HIRAGANA]	draft-ko
0029	0x01DDF7	001E	80 5D 0D 80 36 50 80 31 64 4A 20 80 5E 53 4A 52 CD 49 53 80 08 3C 80 5F 54 20 80 60 80 14	森で手に入れた 花のたね\nその使い道は 不明	숲에서 얻은 꽃씨\n용도는 알 수 없음	draft-ko
0030	0x01DE16	0036	D4 40 73 63 D5 53 3F 4E 3D 45 68 00 42 64 4A CD 80 61 80 1E 80 62 0D 20 80 63 3C 4D 3C 43 4F 3C 60 3D 4F CD 80 64 80 65 57 20 80 66 80 67 47 63 44 4E 00 0D 41 63	[KATAKANA]カール[HIRAGANA]のおとうさんがくれた\n飛行機で 步いていけないような\n土地へ 移動することができる	[KATAKANA]카를[HIRAGANA] 아저씨가 준\n비행기로 걸어서는 갈 수 없는\n곳으로 이동할 수 있어.	draft-ko
0031	0x01DE4D	0026	44 64 50 80 68 63 4E 20 54 63 40 80 69 80 6A 53 40 4F 4A CD D4 46 71 44 61 80 6B D5 57 4E 20 80 66 80 67 0D 41 63	これに乘ると はるか宇宙のかなた\n[KATAKANA]ショコラ星[HIRAGANA]へと 移動できる	이걸 타면 머나먼 우주 끝의\n[KATAKANA]쇼콜라[HIRAGANA] 별로\n이동할 수 있어.	draft-ko
0032	0x01DEA7	001C	44 64 67 80 4B 50 4C 43 63 4E CD 80 67 80 6D 4E 20 80 52 00 0D 41 63 60 3D 50 4F 63	これを身につけると\n動物と 話ができるようになる	이걸 몸에 지니면\n동물과 대화할 수 있게 돼.	draft-ko
0033	0x01DEC4	002E	80 0D 80 0E 47 63 4E 20 D4 44 68 1A 70 73 4A 73 D5 53 CD 80 1C 50 80 31 64 63 60 3D 50 4F 63 4E 3C 3D CD D4 45 3C 14 73 D5 4F 46 65 5D 53	裝備すると [KATAKANA]コンピューター[HIRAGANA]の\n中に入れるようになるという\n[KATAKANA]サイバー[HIRAGANA]なしろもの	장비하면 [KATAKANA]컴퓨터[HIRAGANA] 안으로\n들어갈 수 있다는\n[KATAKANA]사이버[HIRAGANA] 물건이야.	draft-ko
0034	0x01DEF3	0024	D4 54 6E 40 73 80 69 80 6A 80 0A 80 6E D5 53 CD D4 3E 68 06 68 D5 67 80 6F 5C 63 20 80 70 3C D4 1D 6E 4E D5	[KATAKANA]ハッカー宇宙要塞[HIRAGANA]の\n[KATAKANA]エンジン[HIRAGANA]を止める 赤い[KATAKANA]ポット[HIRAGANA]	[KATAKANA]해커 우주요새[HIRAGANA]의\n[KATAKANA]엔진[HIRAGANA]을 멈추는 빨간 [KATAKANA]포트[HIRAGANA]	draft-ko
0035	0x01DF18	0024	D4 54 6E 40 73 80 69 80 6A 80 0A 80 6E D5 53 CD D4 3E 68 06 68 D5 67 80 6F 5C 63 20 80 71 3C D4 1D 6E 4E D5	[KATAKANA]ハッカー宇宙要塞[HIRAGANA]の\n[KATAKANA]エンジン[HIRAGANA]を止める 青い[KATAKANA]ポット[HIRAGANA]	[KATAKANA]해커 우주요새[HIRAGANA]의\n[KATAKANA]엔진[HIRAGANA]을 멈추는 파란 [KATAKANA]포트[HIRAGANA]	draft-ko
0036	0x01DF3D	0026	D4 54 6E 40 73 80 69 80 6A 80 0A 80 6E D5 53 CD D4 3E 68 06 68 D5 67 80 6F 5C 63 20 80 72 80 73 3C D4 1D 6E 4E D5	[KATAKANA]ハッカー宇宙要塞[HIRAGANA]の\n[KATAKANA]エンジン[HIRAGANA]を止める 黄色い[KATAKANA]ポット[HIRAGANA]		review
0037	0x01DF78	0019	D4 40 73 63 D5 53 3F 4E 3D 45 68 40 61 CD D4 40 73 63 D5 57 53 80 36 80 76	[KATAKANA]カール[HIRAGANA]のおとうさんから\n[KATAKANA]カール[HIRAGANA]への手紙		review
0038	0x01DF92	0015	D4 40 73 63 D5 00 0E 3D 42 4C 0D 80 54 4C 43 4A CD 80 75 80 77	[KATAKANA]カール[HIRAGANA]がどうくつで見つけた\n石版		review
0039	0x01DFA8	0026	D4 54 6E 40 73 D5 53 80 78 80 79 46 40 80 31 64 4F 3C 80 18 80 3B 57 CD 80 31 63 44 4E 53 0D 41 63 D4 14 6E 4B D5	[KATAKANA]ハッカー[HIRAGANA]の幹部しか入れない場所へ\n入ることのできる[KATAKANA]バッチ[HIRAGANA]		review
0040	0x01DFE8	0023	80 60 80 7A 80 7B 4F 80 7C 67 20 D4 41 61 41 61 D5 4E 80 7D 4C CD 80 60 80 7A 80 7B 4F 80 75 20 49 53 74	不思誄な光を [KATAKANA]キラキラ[HIRAGANA]と放つ\n不思誄な石 その1		review
0041	0x01E00C	0023	80 60 80 7A 80 7B 4F 80 7C 67 20 D4 41 61 41 61 D5 4E 80 7D 4C CD 80 60 80 7A 80 7B 4F 80 75 20 49 53 75	不思誄な光を [KATAKANA]キラキラ[HIRAGANA]と放つ\n不思誄な石 その2		review
0042	0x01E030	0023	80 60 80 7A 80 7B 4F 80 7C 67 20 D4 41 61 41 61 D5 4E 80 7D 4C CD 80 60 80 7A 80 7B 4F 80 75 20 49 53 76	不思誄な光を [KATAKANA]キラキラ[HIRAGANA]と放つ\n不思誄な石 その3		review
0043	0x01E054	0024	54 4F 64 80 80 0D 80 36 50 80 31 64 4A 20 80 70 3C 80 5E CD 82 2E 81 86 50 20 80 4E 80 4F 00 3B 63 61 46 3C	はなれ島で手に入れた 赤い花\n熱病に 効果があるらしい		review
0044	0x01E07F	001D	0E 3D 42 4C 0D 55 65 6E 4A 5D 53 CD 45 15 4D 3C 4D 20 44 53 59 59 0D 54 80 08 3E 4F 3C	どうくつでひろったもの\nさびていて このままでは使えない		review
0045	0x01E0BA	001B	D4 1D 62 68 41 73 80 55 D5 53 54 3C 41 71 0D 5D 61 6E 4A CD D4 47 42 61 6E 1B D5	[KATAKANA]ポリンキー家[HIRAGANA]のはいきょでもらった\n[KATAKANA]スクラップ[HIRAGANA]		review
0046	0x01E0D6	0021	80 27 80 14 D4 59 46 68 D5 0D 20 3C 65 68 4F 5D 53 4E CD 80 03 80 2B 0D 41 63 D4 47 42 61 6E 1B D5	発明[KATAKANA]マシン[HIRAGANA]で いろんなものと\n合成できる[KATAKANA]スクラップ[HIRAGANA]		review
0047	0x01E131	0017	D4 65 18 6E 4E D5 53 25 2E 25 32 27 39 67 CD 80 0B 80 0C 47 63 5D 53	[KATAKANA]ロボット[HIRAGANA]のENERGYを\n回復するもの		review
0048	0x01E149	002C	D4 45 15 D5 4D 46 59 6E 4D 20 25 2E 25 32 27 39 00 CD 0E 68 0E 68 80 86 6E 4D 3C 63 CD D4 65 18 6E 4E D5 67 80 85 50 5D 0E 47 5D 53	[KATAKANA]サビ[HIRAGANA]てしまって ENERGYが\nどんどん減っている\n[KATAKANA]ロボット[HIRAGANA]を元にもどすもの		review
0049	0x01E176	0020	D4 47 42 61 6E 1B D5 50 4F 6E 4D 46 59 6E 4A CD D4 65 18 6E 4E D5 67 20 80 85 50 5D 0E 47 5D 53	[KATAKANA]スクラップ[HIRAGANA]になってしまった\n[KATAKANA]ロボット[HIRAGANA]を 元にもどすもの		review
0050	0x01E1B5	002D	4F 68 4E 20 80 4C 80 2F 0D 80 88 80 89 67 CD 80 4C 80 8A 50 80 8B 63 44 4E 00 0D 41 63 4E 3C 3D CD 3F 0E 65 42 17 41 80 27 80 14 80 8C	なんと 自分で天気を\n自在に操ることができるという\nおどろくべき発明品		review
0051	0x01E1E3	0038	D4 18 42 D5 54 20 D4 04 5A 80 8D D5 42 68 0D 47 CD 80 8E 4D 4A 3C D4 3B 3C 4D 5B D5 67 3E 61 68 0D CD 75 D4 44 80 8F D5 53 D4 40 73 49 63 D5 67 3B 66 48 4D 42 0A 45 3C	[KATAKANA]ボク[HIRAGANA]は [KATAKANA]ゴミ箱[HIRAGANA]くんです\n捨てたい[KATAKANA]アイテム[HIRAGANA]をえらんで\n2[KATAKANA]コ目[HIRAGANA]の[KATAKANA]カーソル[HIRAGANA]をあわせてください		review
0052	0x01E388	000A	D4 56 63 5C 4A 63 3B 42 47 D5	[KATAKANA]フルメタルアクス[HIRAGANA]		review
0053	0x01E6A8	000A	3F 4D 68 41 D4 59 59 D5 45 68	おてんき[KATAKANA]ママ[HIRAGANA]さん		review
0054	0x022779	000C	0A 20 73 02 A8 25 D0 BA 47 30 31 81	だ 0ぐ[BYTE:A8]E[CLR][BYTE:BA]すPQ[BYTE:81]		review
0055	0x022C96	000C	0A 20 73 02 A8 25 D0 BA 47 30 31 81	だ 0ぐ[BYTE:A8]E[CLR][BYTE:BA]すPQ[BYTE:81]		review
0056	0x0265D6	000F	6E 21 04 A0 28 E2 30 44 3D A6 49 08 56 6A 62	っAご[BYTE:A0]H[CMD:E2]Pこう[BYTE:A6]そぜふぃり		review
0057	0x04EE09	005F	02 CB 6B C1 03 15 C7 0D 02 FF DC 06 D6 00 49 68 4F D4 65 44 44 80 99 D5 50 20 80 27 80 14 80 55 53 81 9E 67 80 2D 4C CD 81 3A 81 0A 00 20 55 6E 44 46 4D 41 4A E1 D0 DC 06 D6 00 20 20 20 81 3A 81 0A 53 81 50 54 20 81 9E 53 60 3D 4F CD 20 20 20 80 27 80 14 80 55 50 4F 63 44 4E 0A 6E 4A	ぐ[CB]ぅ[POS:0315][BOX:0D02FF][NXT]じ[DF2]がそんな[KATAKANA]ロココ町[HIRAGANA]に 発明家の父を持つ\n少年が ひっこしてきた[E3:D0][NXT]じ[DF2]が   少年の夢は 父のような\n   発明家になることだった		review
0058	0x058AF4	002B	D4 18 4A 68 D5 0D CD D4 4B 6F 3C 5B D5 67 4F 61 47 C3 00 68 0A 08 CD CD 81 28 4F 61 20 55 6E 44 46 49 14 0D 3C 3C 40 61 4F 1F C0	[KATAKANA]ボタン[HIRAGANA]で\n[KATAKANA]チャイム[HIRAGANA]をならす[PAL:00]んだぜ\n\n礼なら ひっこしそばでいいからな˳[END]	[KATAKANA]버튼[HIRAGANA]으로\n[KATAKANA]차임[HIRAGANA]을 울린다는 거야[PAL:00].\n\n답례는 이사 떡이면 충분하니까.˳[END]	draft-ko
0059	0x058B1F	001F	D7 80 26 20 81 01 15 50 80 1E 42 81 29 80 FE 46 4D 63 53 CD 3B 6E 4B 80 1E 6E 4D 4D 60 1F C0	[DFT]今 遊びに行く相談してるの\nあっち行っててよ˳[END]	[DFT]지금 놀러 갈 얘기 중이야.\n저쪽으로 가 있어.˳[END]	draft-ko
0060	0x058B3E	0036	D7 44 53 3B 3C 0A 54 20 3B 62 00 4E 3D CD 80 50 4F 81 2A 0A 4E 80 7A 6E 4D 4A 68 0A 43 0E CD 50 3C 4B 6F 68 6E 4D CD 43 6E 44 3D 4A 60 62 50 4F 63 06 6F 68 7D C0	[DFT]このあいだは ありがとう\n変な奴だと思ってたんだけど\nにいちゃんって\nけっこうたよりになるじゃん![END]	[DFT]지난번엔 고마웠어.\n이상한 녀석이라고 생각했는데,\n오빠 꽤 의지가 되네![END]	draft-ko
0061	0x058B74	002A	D7 3E 0F 44 53 81 2B 53 80 27 80 14 80 8C 67 81 6C 48 0F CD 5E D4 73 D5 0A 60 CD 0A 6E 4D 20 80 21 81 2D 3C 68 0A 5D 68 1F C0	[DFT]え?この間の発明品を返せ?\nや[KATAKANA]ー[HIRAGANA]だよ\nだって 面白いんだもん˳[END]	[DFT]어? 지난번 발명품을 돌려달라고?\n싫어.\n재미있는걸.˳[END]	draft-ko
0062	0x058B9E	000A	D7 7E 7E 7E 0A 7E 0A 64 0F C0	[DFT]···だ·だれ?[END]	[DFT]…누, 누구?[END]	draft-ko
0063	0x058BA8	004C	D7 3D 7E C9 1E 3D 66 D4 73 D5 68 20 04 5C 68 4F 45 3C 7D CD 5D 3D 20 66 63 45 46 4F 3C 60 6D 6E 7D CD 44 64 5D 20 81 6C 46 59 47 6B 6E 7D 7D D1 20 C2 00 54 20 C3 02 15 6E 42 62 D4 58 73 68 D5 C3 00 67 CD 20 4E 62 40 3E 46 4A 7D	[DFT]う·[PAU:1E]うわ[KATAKANA]ー[HIRAGANA]ん ごめんなさい!\nもう わるさしないよぉっ!\nこれも 返しますぅっ!![FIN] [NAM:00]は [PAL:02]びっくり[KATAKANA]ホーン[HIRAGANA][PAL:00]を\n とりかえした!	[DFT]우…[PAU:1E]우와앙, 미안해!\n다시는 장난 안 칠게!\n이것도 돌려줄게!![FIN] [NAM:00]은 [PAL:02]깜짝 혼[PAL:00]을\n 되찾았다!	draft-ko
0064	0x059216	0087	D7 58 3F 20 C9 1E 18 3D 5E 00 20 D4 3B 41 54 14 61 D5 45 68 53 CD 80 E3 81 02 45 68 40 52 0F CD D4 3B 41 54 14 61 D5 45 68 5D 20 81 34 80 01 54 CD 44 53 80 99 50 20 80 DD 68 0D 3F 6E 4A 68 0A 60 D1 4F 68 0D 5D 20 80 27 80 14 4E 40 50 81 12 81 13 46 4D CD 80 43 45 66 01 50 4F 6E 4A 44 4E 00 3B 6E 4D 4F CD C9 1E 49 64 40 61 20 80 99 40 61 54 4F 64 4A 80 3B 50 CD 3D 4C 62 4F 45 6E 4A 60 3D 0A 00 4F 1F C0	[DFT]ほお [PAU:1E]ぼうやが [KATAKANA]アキハバラ[HIRAGANA]さんの\n息子さんかね?\n[KATAKANA]アキハバラ[HIRAGANA]さんも 以前は\nこの町に 住んでおったんだよ[FIN]なんでも 発明とかに失敗して\n大さわぎになったことがあってな\n[PAU:1E]それから 町からはなれた所に\nうつりなさったようだがな˳[END]	[DFT]오, 아키하바라 씨 아들이구나?\n그도 예전엔 이 마을에 살았어.[FIN]\n발명 실패로 큰 소동이 난 뒤\n마을 밖으로 이사했지.˳[END]	draft-ko
0065	0x05929D	0028	D7 59 3B 20 81 35 3C 3D 4B 54 CD 81 12 81 13 67 3F 49 64 07 50 20 3C 65 3C 65 4E CD 5E 6E 4D 5A 63 44 4E 06 6F 60 1F C0	[DFT]まあ 若いうちは\n失敗をおそれずに いろいろと\nやってみることじゃよ˳[END]	[DFT]젊을 땐 실수 말고\n여러 가지 해보게.˳[END]	draft-ko
0066	0x0592C5	002E	D7 3C 3C 80 88 80 89 06 6F 53 3F 20 18 3D 5E CD 80 52 0D 5D 46 4D 3C 40 68 40 52 0F CD 20 3D 68 20 80 52 49 3D CD 20 80 26 54 20 3C 3C 60	[DFT]いい天気じゃのお ぼうや\n話でもしていかんかね?\n うん 話そう\n 今は いいよ	[DFT]날 좋구나.\n얘기할까?\n 응\n 싫어	draft-ko
0067	0x05AC0D	00E8	3D 40 20 81 50 67 80 54 4D 3C 4A 68 0A 4F CD C9 1E 44 44 54 20 3F 59 3E 53 80 55 0A 60 D1 3F 18 3E 4D 63 40 0F CD C9 28 4E 3D 45 68 54 20 D4 47 3C 6E 4B D5 00 3F 45 64 4A 61 CD 80 0A 80 6E 00 20 80 4C 81 61 47 63 60 3D 50 CD D4 64 73 05 73 80 0D 80 84 D5 67 20 81 6A 81 6B 46 4A 68 0A D1 49 64 0D 80 0A 80 6E 00 20 81 61 80 27 46 4D 7E 7E 7E CD C9 28 3F 59 3E 54 20 80 0A 80 6E 53 D4 00 64 41 D5 53 80 1C 0D CD 4A 3F 64 4D 3C 4A 68 0A 60 CD C9 28 81 48 80 56 0D 20 80 D9 81 15 50 60 40 6E 4A D1 3E 0F C9 3C E0 00 0F CD C9 1E 81 11 80 E6 46 4F 45 3C 20 D4 00 64 41 D5 53 80 1C 40 61 CD 4B 6F 68 4E 20 55 65 6E 4D 3F 3C 4A 60 CD C9 1E 49 53 44 4E 54 20 80 26 80 EE 5F 6E 42 62 80 52 49 3D 4F 1F C0	うか 夢を見ていたんだな\n[PAU:1E]ここは おまえの家だよ[FIN]おぼえてるか?\n[PAU:28]とうさんは [KATAKANA]スイッチ[HIRAGANA]がおされたら\n要塞が 自爆するように\n[KATAKANA]レーザー裝置[HIRAGANA]を 改造したんだ[FIN]それで要塞が 爆発して···\n[PAU:28]おまえは 要塞の[KATAKANA]ガレキ[HIRAGANA]の中で\nたおれていたんだよ\n[PAU:28]無事で 本当によかった[FIN]え?[PAU:3C][E2:000F]\n[PAU:1E]安心しなさい [KATAKANA]ガレキ[HIRAGANA]の中から\nちゃんと ひろっておいたよ\n[PAU:1E]そのことは 今度ゆっくり話そうな˳[END]	[DFT]꿈을 꿨어\n[PAU:1E]여긴 네 집이야[FIN]알지?\n[PAU:28]아빠가 스위치를 누르면\n요새가 폭발하도록\n레이저를 고쳤어[FIN]그래서 폭발했고…\n[PAU:28]넌 잔해 속에 쓰러져 있었어\n무사해서 다행이야[FIN]응?[PAU:3C][E2:000F]\n[PAU:1E]걱정 마. 잔해 속에서\n널 찾아냈어\n[PAU:1E]자세한 건 나중에 말할게.˳[END]	draft-ko
0068	0x05ACF5	0018	D7 20 C2 00 54 CD C3 02 20 80 75 74 C3 00 67 20 80 36 50 80 31 64 4A 7D	[DFT] [NAM:00]は\n[PAL:02] 石1[PAL:00]を 手に入れた!		review
0069	0x05AD0E	003B	D7 4F 68 0A 20 80 2D 4B 80 6D 00 3C 6E 19 3C 4F 53 40 0F CD 06 6F 3B 20 44 64 54 3B 07 40 6E 4D 3F 42 09 CD C9 1E 81 3A 46 80 2D 4B 80 6D 67 20 81 78 0C 43 4A 61 0E 3D 0A 0F C0	[DFT]なんだ 持ち物がいっぱいなのか?\nじゃあ これはあずかっておくぞ\n[PAU:1E]少し持ち物を 片づけたらどうだ?[END]		review
0070	0x05AD49	0033	D7 E0 02 3F 3C 3F 3C 20 81 53 41 4A 62 46 4D CD 80 D9 81 15 50 20 5D 3D 81 44 80 89 4F 53 40 0F CD C9 1E 59 0A 20 81 48 80 CA 46 4B 6F 3C 40 68 09 1F C0	[DFT][E2:023F]いおい 起きたりして\n本当に もう平気なのか?\n[PAU:1E]まだ 無理しちゃいかんぞ˳[END]		review
0071	0x05AD7C	003B	D7 E0 02 C2 00 C9 1E 20 80 D9 81 15 50 81 44 80 89 4F 53 40 0F CD C9 28 49 64 4F 61 20 80 4C 81 6E 50 46 4D 3C 3C 00 CD 3B 59 62 20 81 48 80 CA 54 47 63 68 06 6F 4F 3C 09 1F C0	[DFT][E2:02C2]が[PAU:1E] 本当に平気なのか?\n[PAU:28]それなら 自由にしていいが\nあまり 無理はするんじゃないぞ˳[END]		review
0072	0x05ADB7	0032	D7 E0 02 3F 59 3E 20 3B 53 80 46 4A 4B 53 80 52 67 0E 3D 80 7A 3D 0F CD 20 80 3D 06 4D 20 3C 3C 4E 80 7A 3D CD 20 4F 68 40 20 3B 5E 46 3C 4E 80 7A 3D	[DFT][E2:023F]まえ あの人たちの話をどう思う?\n 信じて いいと思う\n なんか あやしいと思う		review
0073	0x05AE85	0010	81 21 46 42 80 08 6E 4D 42 64 63 0A 65 3D 1F DE	正しく使ってくれるだろう˳[TPL:]		review
0074	0x05AE95	007C	D7 E0 02 4E 3D 45 68 00 81 10 3D 53 5D 20 4F 68 0A 43 0E 4F CD 3F 59 3E 20 C9 1E 44 44 46 14 61 42 0D CD 07 3C 16 68 80 43 41 42 4F 6E 4A 68 06 6F 4F 3C 40 0F D1 3C 5E 49 53 20 C9 1E 80 1F 53 81 6F 45 06 6F 4F 3C 09 7E 7E 7E CD C9 3C 4E 50 40 42 20 C9 1E E0 00 54 59 40 48 4A CD 3B 53 80 46 4A 4B 53 4A 5C 50 80 F6 80 F9 4D 4A 3C 4F 61 CD 49 3D 46 4D 3B 03 4F 45 3C 1F C0	[DFT][E2:024E]うさんが言うのも なんだけどな\nおまえ [PAU:1E]ここしばらくで\nずいぶん大きくなったんじゃないか?[FIN]いやその [PAU:1E]背の高さじゃないぞ···\n[PAU:3C]とにかく [PAU:1E][E2:0054]まかせた\nあの人たちのために役立てたいなら\nそうしてあげなさい˳[END]		review
0075	0x05AF11	002C	D7 E0 02 80 2D 4B 80 6D 00 20 3C 6E 19 3C 4F 68 0A 65 3D 0F CD 58 61 20 59 3B 20 4E 50 40 42 CD 81 78 0C 43 4A 61 20 0E 3D 0A 0F C0	[DFT][E2:0280]Mち物が いっぱいなんだろう?\nほら まあ とにかく\n片づけたら どうだ?[END]		review
0076	0x05AF3D	0048	D7 20 C2 00 54 CD C3 02 20 80 75 74 C3 00 67 20 80 36 50 80 31 64 4A 7D D1 20 C2 00 54 CD C3 02 20 80 75 75 C3 00 67 20 80 36 50 80 31 64 4A 7D D1 20 C2 00 54 CD C3 02 20 80 75 76 C3 00 67 20 80 36 50 80 31 64 4A 7D	[DFT] [NAM:00]は\n[PAL:02] 石1[PAL:00]を 手に入れた![FIN] [NAM:00]は\n[PAL:02] 石2[PAL:00]を 手に入れた![FIN] [NAM:00]は\n[PAL:02] 石3[PAL:00]を 手に入れた!		review
0077	0x05B2F3	009C	20 80 09 80 0A 4E 4F 63 53 0D 47 D1 E0 02 3D 5B 7E 7E 7E CD C9 1E 3C 41 4F 62 20 80 3D 06 61 64 63 80 52 0D 54 4F 3C 4F D1 E0 15 04 5D 6E 4E 5D 0D 04 05 3C 59 47 CD 0D 47 40 61 20 4E 62 3B 3E 07 54 CD 44 64 67 20 3F 66 4A 46 46 4D 3F 41 59 47 D1 5D 46 20 04 81 05 80 32 3C 4A 0A 43 63 53 0D 46 4A 61 CD 44 64 67 20 3F 80 08 3C 42 0A 45 3C CD 44 64 54 20 D4 46 71 44 61 80 6B D5 50 3B 4F 4A 80 BF 67 CD 04 81 55 81 56 3C 4A 46 59 47 20 80 68 80 6D 0D 04 05 3C 59 47 DE	 必要となるのです[FIN][E2:023D]む···\n[PAU:1E]いきなり 信じられる話ではないな[FIN][E2:1504]もっともでございます\nですから とりあえずは\nこれを おわたししておきます[FIN]もし ご協力いただけるのでしたら\nこれを お使いください\nこれは [KATAKANA]ショコラ星[HIRAGANA]にあなた樣を\nご案内いたします 乘物でございます[TPL:]		review
0078	0x05B38F	001B	D7 20 C2 00 54 CD C3 02 20 80 69 80 6A 80 C2 C3 00 67 20 80 36 50 80 31 64 4A 7D	[DFT] [NAM:00]は\n[PAL:02] 宇宙船[PAL:00]を 手に入れた!		review
0079	0x05C014	002F	3C 81 7E 45 68 00 20 3F 60 5C 45 68 50 CD 41 4D 42 64 63 4F 68 4D 20 3D 64 46 42 4D 52 CD 80 82 80 D0 41 54 20 46 4D 5A 63 5D 68 0A 60 1F C0	い娘さんが およめさんに\nきてくれるなんて うれしくてね\n長生きは してみるもんだよ˳[END]		review
0080	0x05C043	0031	D7 81 22 53 80 C9 81 02 00 20 80 42 42 4D 52 3E 7E 7E 7E CD 3F 80 36 81 1B 3C 45 68 0D 5D 3C 64 14 CD 80 9A 40 63 68 0A 43 0E 52 3E 7E 7E 7E 1F C0	[DFT]体の調子が 悪くてねえ···\nお手伝いさんでもいれば\n助かるんだけどねえ···˳[END]		review
0081	0x05C074	00A0	D7 55 7E C9 1E 55 6F 3B 6E CD C9 1E 4F 68 0A 3C 20 49 53 20 80 43 41 3C 53 54 0F 7D CD C9 1E 3E 0F C9 1E 3F 80 36 81 1B 3C 67 47 63 20 65 18 6E 4E 0F CD C9 14 49 3D 40 3C 20 3C 3C 81 02 4F 68 0A 52 3E D1 3B 4A 46 5D 81 1D 80 F1 20 81 22 53 80 C9 81 02 00 CD 60 42 4F 42 6E 4D 52 3E 7E 7E 7E D1 49 3D 3C 3D 20 54 4A 61 41 5D 53 00 CD 3C 4D 42 64 64 14 20 80 9A 40 63 68 0A 43 0E 52 3E CD 20 3F 14 3B 45 68 50 80 5C 46 4D 3B 03 59 47 CD 20 81 85 53 80 1C 3D 59 42 54 3C 41 59 48 68	[DFT]ひ·[PAU:1E]ひゃあっ\n[PAU:1E]なんだい その 大きいのは?!\n[PAU:1E]え?[PAU:1E]お手伝いをする ろぼっと?\n[PAU:14]そうかい いい子なんだねえ[FIN]あたしも最近 体の調子が\nよくなくってねえ···[FIN]そういう はたらきものが\nいてくれれば 助かるんだけどねえ\n おばあさんに貸してあげます\n 世の中うまくはいきません		review
0082	0x05EC6C	0014	3F 3C 4D CD 80 C9 81 02 3C 3C 44 4E 81 10 6E 4D 63 60 7D C0	おいて\n調子いいこと言ってるよ![END]		review
0083	0x05EC80	0040	D7 E0 07 3F 59 3E 20 66 05 66 05 4D 00 5A 67 CD 4E 0E 43 63 4A 5C 20 5D 0E 6E 4D 41 4A 53 40 0F D1 3F 59 3E 53 60 3D 4F 5E 4C 67 CD C3 03 3F 55 4E 60 46 20 C3 00 6E 4D 81 10 3D 68 0A 08 1F C0	[DFT][E2:073F]まえ わざわざてがみを\nとどけるため もどってきたのか?[FIN]おまえのようなやつを\n[PAL:03]おひとよし [PAL:00]って言うんだぜ˳[END]		review
0084	0x05ECC0	0026	D7 E0 07 4F 68 0A 60 20 3F 80 01 CD 81 7D 80 36 50 20 80 46 53 80 55 53 80 1C 50 CD 80 31 6E 4D 42 63 4F 60 1F C0	[DFT][E2:074F]んだよ お前\n勝手に 人の家の中に\n入ってくるなよ˳[END]		review
0085	0x05ECE6	0031	D7 E0 07 3D 4B 53 20 40 3B 4B 6F 68 4F 61 CD 80 99 80 82 80 D1 53 20 80 D2 80 D3 50 3C 63 60 CD 80 6C 00 3B 63 4F 61 5B 44 3D 50 80 1E 43 60 1F C0	[DFT][E2:073D]ちの かあちゃんなら\n町長會の 受付にいるよ\n用があるならむこうに行けよ˳[END]		review
0086	0x05ED17	0010	D7 E0 07 3F 3C 6E 7D 4B 71 6E 4E 59 4D 60 7D C0	[DFT][E2:073F]いっ!ちょっとまてよ![END]		review
0087	0x05ED27	0045	D7 E0 07 4D 41 4E 3D 4F 20 80 76 00 4F 40 6E 4A 40 61 CD 44 64 50 20 80 38 3C 4A 7D CD 44 64 67 3F 5E 06 50 20 66 4A 46 4D 42 64 7D D1 20 C2 00 54 CD C3 02 20 80 75 80 77 C3 00 67 20 80 D2 43 81 18 6E 4A 7D	[DFT][E2:074D]きとうな 紙がなかったから\nこれに 書いた!\nこれをおやじに わたしてくれ![FIN] [NAM:00]は\n[PAL:02] 石版[PAL:00]を 受け取った!		review
0088	0x05EF16	0020	61 3D 60 CD 3F 80 01 53 20 3F 5E 06 50 54 CD 3C 4C 5D 20 81 85 80 52 50 4F 6E 4D 63 46 4F 1F C0	らうよ\nお前の おやじには\nいつも 世話になってるしな˳[END]		review
0089	0x05EF36	00E0	D7 D4 3B 41 54 14 61 D5 53 80 E3 81 02 06 6F 52 3E 40 CD 4F 50 0F C9 1E 80 27 80 14 00 46 4A 3C 0A 4E 0F CD C9 1E 49 62 6F 3B 3F 80 01 20 40 68 4A 68 50 54 CD 0D 41 52 3E 09 D1 3F 80 01 53 20 3F 5E 06 0A 6E 4D CD 80 D9 67 81 5D 68 0A 62 20 81 8B 3E 44 68 0A 62 46 4D CD 80 27 80 14 80 8C 67 80 23 6E 4D 3C 4A 5D 68 45 D1 49 3D 3C 5E 3B 20 C3 02 80 03 80 2B C3 00 4E 40 81 10 6E 4D CD 3D 4B 53 20 D4 00 61 42 4A D5 67 80 2D 6E 4D 3C 6E 4D CD 80 EA 40 20 80 23 6E 4D 3C 4A 44 4E 5D 3B 6E 4A 4F 3B D1 D4 00 61 42 4A D5 4F 61 20 81 B7 50 44 65 00 6E 4D 63 60 CD 80 2D 6E 4D 80 1E 42 40 3C 0F CD 20 3D 68 7D 80 2D 6E 4D 3C 42 7D CD 20 80 26 80 59 53 80 3B 54 20 5E 5C 4D 3F 42	[DFT][KATAKANA]アキハバラ[HIRAGANA]の息子じゃねえか\nなに?[PAU:1E]発明がしたいだと?\n[PAU:1E]そりゃあお前 かんたんには\nできねえぞ[FIN]お前の おやじだって\n本を読んだり 考えこんだりして\n発明品を作っていたもんさ[FIN]そういやあ [PAL:02]合成[PAL:00]とか言って\nうちの [KATAKANA]ガラクタ[HIRAGANA]を持っていって\n何か 作っていたこともあったなあ[FIN][KATAKANA]ガラクタ[HIRAGANA]なら 與にころがってるよ\n持って行くかい?\n うん!持っていく!\n 今日の所は やめておく		review
0090	0x05F017	0058	D0 49 64 06 6F 3B 20 80 F0 53 81 B7 50 80 31 62 4F CD 81 B7 50 20 75 4C D4 40 1B 48 63 D5 00 3B 63 40 61 CD 81 B8 81 04 20 80 2D 6E 4D 3C 6E 4D 3C 3C 09 1F C0 D0 49 3D 40 3C 20 49 3D 40 3C CD 59 3B 20 80 89 00 5B 3C 4A 61 CD 3C 4C 0D 5D 20 81 10 6E 4D 42 64 1F C0	[CLR]それじゃあ 店の與に入りな\n與に 2つ[KATAKANA]カプセル[HIRAGANA]があるから\n両方 持っていっていいぞ˳[END][CLR]そうかい そうかい\nまあ 気がむいたら\nいつでも 言ってくれ˳[END]		review
0091	0x05F06F	0030	D7 D4 3B 41 54 14 61 D5 53 80 E3 81 02 06 6F 52 3E 40 CD 80 EA 40 80 6C 40 0F CD 20 80 8C 80 6D 67 80 11 3C 50 80 10 4A CD 20 81 B9 6E 4A 0A 43	[DFT][KATAKANA]アキハバラ[HIRAGANA]の息子じゃねえか\n何か用か?\n 品物を買いに来た\n 寄っただけ		review
0092	0x05F0CB	002E	D7 80 26 80 59 54 20 3B 4C 3C 40 61 45 3B CD 80 F0 67 20 80 E2 5A 50 46 4A 68 0A 60 CD 48 6E 40 42 80 10 4A 53 50 20 47 59 4F 3C 52 1F C0	[DFT]今日は あついからさあ\n店を 休みにしたんだよ\nせっかく来たのに すまないね˳[END]		review
0093	0x05F0F9	0022	D7 CF 1C F1 85 C0 49 3D 40 3C 20 49 3D 40 3C CD 80 89 00 47 5B 59 0D CD 5F 6E 42 62 46 4D 3C 41 4F 1F	[DFT][STR:1CF185][END]そうかい そうかい\n気がすむまで\nゆっくりしていきな˳		review
0094	0x05F11C	002E	4F 68 0A 20 D4 52 07 5A D5 40 CD 66 62 3C 4F 20 3F 64 54 80 46 81 2B 80 BF 4E 46 40 CD 81 BA 80 12 46 4F 3C 20 81 4D 81 BB 4F 68 0A 60 1F	なんだ [KATAKANA]ネズミ[HIRAGANA]か\nわりいな おれは人間樣としか\n商売しない 主義なんだよ˳		review
0095	0x05F14B	002D	4F 68 0A 3C 20 18 3D 5E CD 58 46 3C 5D 53 0D 5D 20 3B 63 53 40 3C 0F CD 20 80 8C 80 6D 67 80 11 3C 50 80 10 4A CD 20 81 B9 6E 4A 0A 43	なんだい ぼうや\nほしいものでも あるのかい?\n 品物を買いに来た\n 寄っただけ		review
0096	0x0694CD	0055	3B 7E 3C 5E 7E 7E 7E C9 3C 06 6F 20 81 F6 54 80 1E 42 08 CD C9 1E 3B 7E 7E 7E 81 F6 20 C3 02 DC 09 D4 44 4D 4C D5 C3 00 DC 00 6E 4C 3D 68 0A CD C9 3C 59 4A 20 80 D8 3D 44 4E 5D 3B 63 0A 65 D4 73 D5 40 61 CD 4B 6E 4E 54 20 3F 18 3E 4E 3C 4D 42 64 4F 1F C0	あ·いや···[PAU:3C]じゃ 俺は行くぜ\n[PAU:1E]あ···俺 [PAL:02][NXT]ぞ[KATAKANA]コテツ[HIRAGANA][PAL:00][NXT]がっつうんだ\n[PAU:3C]また 会うこともあるだろ[KATAKANA]ー[HIRAGANA]から\nちっとは おぼえといてくれな˳[END]		review
0097	0x069522	0083	D7 60 3D 18 3D 07 CD 3F 80 01 5D 20 4C 40 59 6E 4A 53 0F CD 55 4E 62 0D 20 44 68 4F 80 3B 59 0D CD 42 63 4F 68 4D 20 3C 45 59 46 3C 52 3E D1 59 45 40 80 7A 6E 4D 5D 5A 4F 3C 60 4F CD 0E 3D 42 4C 53 80 1C 50 CD 44 68 4F 20 3D 45 68 42 45 3C 81 2A 61 00 CD 3C 63 4F 68 4D 60 3F D1 3F 64 4F 68 40 45 CD 4B 71 6E 4E 20 04 3B 3C 45 4C 46 4A 61 CD 44 53 D4 05 59 D5 0A 08 0F 4A 59 68 52 3E 60 4F DE	[DFT]ようぼうず\nお前も つかまったの?\nひとりで こんな所まで\nくるなんて いさましいねえ[FIN]まさか思ってもみないよな\nどうくつの中に\nこんな うさんくさい奴らが\nいるなんてよお[FIN]おれなんかさ\nちょっと ごあいさつしたら\nこの[KATAKANA]ザマ[HIRAGANA]だぜ?たまんねえよな[TPL:]		review
0098	0x0695A5	0028	D7 4E 44 65 0D 60 3F 20 18 3D 07 CD 4A 53 5A 00 20 3B 63 68 0A 43 0E 45 CD 20 4F 68 0D 46 71 0F CD 20 5E 4F 44 6E 4A 3C	[DFT]ところでよお ぼうず\nたのみが あるんだけどさ\n なんでしょ?\n やなこったい		review
0099	0x0695CE	0061	D0 3B 53 4F 7E 7E 7E CD 44 53 3C 59 3C 59 46 3C 20 81 F7 81 F8 53 CD C3 02 D4 40 01 D5 C3 00 67 20 45 00 46 4D 58 46 3C 68 0A D1 D4 40 50 D5 53 81 96 67 46 4A 81 2A 00 CD 80 2D 6E 4D 63 54 07 4F 68 0A D1 0E 3D 0A CD 45 00 46 4D 41 4D 42 64 63 40 0F CD 20 54 3C 54 3C CD 20 5E 4F 44 6E 4A 3C	[CLR]あのな···\nこのいまいましい 鉄球の\n[PAL:02][KATAKANA]カギ[HIRAGANA][PAL:00]を さがしてほしいんだ[FIN][KATAKANA]カニ[HIRAGANA]の頭をした奴が\n持ってるはずなんだ[FIN]どうだ\nさがしてきてくれるか?\n はいはい\n やなこったい		review
0100	0x069630	003A	D0 49 D4 73 D5 40 3C 20 49 D4 73 D5 40 3C CD 3F 80 01 5D 20 44 44 40 61 80 45 61 64 63 CD D4 4B 6F 68 47 D5 4F 53 50 4F D4 73 D5 CD 40 66 3C 49 D4 73 D5 50 4F D4 73 D5 1F C0	[CLR]そ[KATAKANA]ー[HIRAGANA]かい そ[KATAKANA]ー[HIRAGANA]かい\nお前も ここから出られる\n[KATAKANA]チャンス[HIRAGANA]なのにな[KATAKANA]ー[HIRAGANA]\nかわいそ[KATAKANA]ー[HIRAGANA]にな[KATAKANA]ー[HIRAGANA]˳[END]		review
0101	0x06966A	0026	D7 4F 68 0A 60 CD 80 89 00 40 66 6E 4A 53 40 0F CD 20 59 40 48 4D 4B 71 D4 73 D5 0A 3C CD 20 60 68 0D 5A 4A 0A 43	[DFT]なんだよ\n気がかわったのか?\n まかせてちょ[KATAKANA]ー[HIRAGANA]だい\n よんでみただけ		review
0102	0x06AB30	00D6	D7 0E 3D 46 4A 53 0F 81 46 CD 3B 16 4F 3C 66 60 CD 81 1D 80 F1 20 44 66 3C 3F 82 04 45 68 4A 4B 00 CD 3D 65 3D 65 46 4D 63 68 0A 40 61 52 D1 3E 0F 3B 4A 46 0F 3B 4A 46 54 CD 80 43 80 46 0A 40 61 20 81 44 80 89 4F 53 CD C9 1E 58 61 20 D4 14 40 D5 4F 44 4E 81 10 6E 4D 4F 3C 0D CD 81 30 42 80 EF 62 4F 45 3C 60 D1 4F 3B 50 0F C9 1E 59 0A 80 EA 40 80 6C 4F 53 0F CD C9 1E 7E 7E 7E 54 54 69 68 CD C9 1E 45 4D 54 20 55 4E 62 0D 80 EF 63 53 00 CD 44 66 42 4F 6E 4A 68 0D 46 71 0F D1 4F 68 4F 61 20 3C 6E 46 71 50 CD 80 1E 6E 4D 3B 03 4D 5D 3C 3C 66 60 0F CD 20 66 3B 3C 20 3F 52 00 3C 46 59 D4 73 D5 47 CD 20 55 4E 62 0D 80 EF 63 40 61 20 3C 3C 60	[DFT]どうしたの?君\nあぶないわよ\n最近 こわいお兄さんたちが\nうろうろしてるんだからね[FIN]え?あたし?あたしは\n大人だから 平気なの\n[PAU:1E]ほら [KATAKANA]バカ[HIRAGANA]なこと言ってないで\n早く帰りなさいよ[FIN]なあに?[PAU:1E]まだ何か用なの?\n[PAU:1E]···ははぁん\n[PAU:1E]さては ひとりで帰るのが\nこわくなったんでしょ?[FIN]なんなら いっしょに\n行ってあげてもいいわよ?\n わあい おねがいしま[KATAKANA]ー[HIRAGANA]す\n ひとりで帰るから いいよ		review
0103	0x06AC22	0098	CD C3 02 D4 65 44 44 80 99 D5 53 20 80 56 81 24 81 25 81 26 C3 00 60 CD C9 1E 4E 62 3B 3E 07 20 60 65 46 42 52 7D D1 06 6F 3B 20 3B 4A 46 54 81 33 65 40 61 CD 4C 3C 4D 3C 6E 4D 3B 03 63 40 61 CD 81 46 00 20 80 BD 50 80 63 41 4F 45 3C CD C9 1E 7E 7E 7E 4F 50 60 C9 1E 20 82 05 82 06 3B 63 53 0F C0 D0 5B 6E 7D 40 66 3C 42 4F 3C 53 6E 7D CD 80 46 53 81 0B 80 48 67 81 48 50 47 63 4E CD 65 42 4F 80 43 80 46 50 4F 61 4F 3C 66 60 6E CD C9 3C 1B 68 0A 6E 7D C0	\n[PAL:02][KATAKANA]ロココ町[HIRAGANA]の 事件記者[PAL:00]よ\n[PAU:1E]とりあえず よろしくね![FIN]じゃあ あたしは後ろから\nついていってあげるから\n君が 先に步きなさい\n[PAU:1E]···なによ[PAU:1E] 文句あるの?[END][CLR]むっ!かわいくないのっ!\n人の好意を無にすると\nろくな大人にならないわよっ\n[PAU:3C]ぷんだっ![END]		review
0104	0x06ACBA	0068	D7 80 EA 60 20 59 4A 20 41 5A 6A 0F CD 80 6C 00 3B 63 4F 61 CD 54 6E 41 62 20 81 10 3C 4F 45 3C 60 CD 81 3E 53 81 02 0D 46 71 7D 0F D1 3C 6E 46 71 50 80 1E 6E 4D 58 46 3C 4F 61 CD 47 4F 3F 50 20 81 10 3E 14 3C 3C 53 60 7D CD 20 3C 6E 46 71 50 20 80 1E 41 59 46 71 3D CD 20 55 4E 62 0D 80 EF 63 40 61 20 3C 3C 60	[DFT]何よ また きみぃ?\n用があるなら\nはっきり 言いなさいよ\n男の子でしょ!?[FIN]いっしょに行ってほしいなら\nすなおに 言えばいいのよ!\n いっしょに 行きましょう\n ひとりで帰るから いいよ		review
0105	0x06BA8D	00CC	20 40 42 45 64 4D 3C 63 CD 80 46 82 09 6E 4D 81 10 3D 53 54 7E 7E 7E 1F C0 D8 C3 03 3D 56 56 56 CD 40 66 3C 3C 20 3F D4 14 40 D5 45 68 52 CD 49 68 4F 50 20 40 68 4A 68 50 54 3C 40 4F 3C 66 60 D1 D4 3B 4A 46 D5 53 81 22 50 40 42 45 64 4A 20 80 75 54 52 CD 80 46 82 09 53 D4 3B 4A 46 D5 50 CD 80 60 80 7A 80 7B 4F 20 80 32 67 42 64 4A 53 60 CD D4 3B 4F 4A D5 50 4F 68 40 20 3B 03 61 64 4F 3C 66 D1 46 14 61 42 20 49 3D 46 4D 4F 45 3C CD 81 33 0D 20 D4 3B 4A 46 D5 4A 4B 53 CD 81 80 81 2B 50 20 82 0D 3E 4D 3B 03 63 66 52 1F C3 00 C0 05 00 68 00 20 02 C5 30 02 CB 02 0B 07 80 4F BB 6B 02 05 1E 00 A9 00 20 04 06 02	 かくされている\n人形って言うのは···˳[END][DF4][PAL:03]うふふふ\nかわいい お[KATAKANA]バカ[HIRAGANA]さんね\nそんなに かんたんにはいかないわよ[FIN][KATAKANA]アタシ[HIRAGANA]の体にかくされた 石はね\n人形の[KATAKANA]アタシ[HIRAGANA]に\n不思誄な 力をくれたのよ\n[KATAKANA]アナタ[HIRAGANA]になんか あげられないわ[FIN]しばらく そうしてなさい\n後で [KATAKANA]アタシ[HIRAGANA]たちの\n仲間に 加えてあげるわね˳[PAL:00][END]ざがんが ぐ[TBL:3002CB02]ぢず果[BYTE:BB]ぅぐざˎが[BYTE:A9]が ごじぐ		review
0106	0x06C830	0074	54 CD 49 64 67 20 45 00 46 4D 3C 4A 61 46 3C 53 0A 00 CD 0E 3D 5D D4 54 6E 40 73 D5 53 81 2A 61 5D 20 49 64 67 CD 45 00 46 4D 3C 63 3C 3D 80 52 67 20 81 41 3C 4D 4F D1 81 46 53 4E 3D 45 68 53 80 52 54 20 59 4A 81 33 0A CD 80 26 54 20 E0 00 67 45 00 45 52 14 CD D4 54 6E 40 73 D5 50 20 80 BD 67 44 45 64 4D 46 59 3D CD 45 3B 20 81 30 42 7E 7E 7E DE	は\nそれを さがしていたらしいのだが\nどうも[KATAKANA]ハッカー[HIRAGANA]の奴らも それを\nさがしているいう話を 聞いてな[FIN]君のとうさんの話は また後だ\n今は [E2:0067]さがさねば\n[KATAKANA]ハッカー[HIRAGANA]に 先をこされてしまう\nさあ 早く···[TPL:]		review
0107	0x06C8A4	000F	D7 CD 3B 7E 7E 7E 3C 4A 4A 4A 7E 7E 7E 1F C0	[DFT]\nあ···いたたた···˳[END]		review
0108	0x06C8B3	002B	D7 E0 0F 0E 7E 0E 3D 5D 59 0A 20 44 46 00 7E 7E 7E CD C9 28 C2 00 42 68 CD 66 46 50 40 59 66 07 20 80 BD 50 80 1E 6E 4D 42 64 DE	[DFT][E2:0F0E]·どうもまだ こしが···\n[PAU:28][NAM:00]くん\nわしにかまわず 先に行ってくれ[TPL:]		review
0109	0x06C8DE	0038	D7 49 3D 0A 20 44 64 67 66 4A 46 4D 3F 44 3D CD C3 02 D4 61 3C 4E D5 C3 00 0A CD 44 64 00 3B 64 14 20 82 11 3C 80 3B 67 80 63 42 53 5D CD 80 9C 50 4F 63 0A 65 3D 1F DE	[DFT]そうだ これをわたしておこう\n[PAL:02][KATAKANA]ライト[HIRAGANA][PAL:00]だ\nこれがあれば 暗い所を步くのも\n楽になるだろう˳[TPL:]		review
0110	0x06C916	001A	D7 20 C2 00 54 CD C3 02 20 D4 61 3C 4E D5 C3 00 67 20 80 36 50 80 31 64 4A 7D	[DFT] [NAM:00]は\n[PAL:02] [KATAKANA]ライト[HIRAGANA][PAL:00]を 手に入れた!		review
0111	0x06E4E8	0049	80 31 62 44 5A CD 81 37 6E 4D 3F 63 53 0A D1 44 53 80 79 80 A4 53 80 1C 53 20 C3 02 81 2D 41 59 5D 53 C3 00 67 CD 81 C9 64 45 6E 4D 54 20 42 64 51 0A 65 3D 40 0F CD 20 3F 5E 47 3C 04 80 6C 0D 47 CD 20 5E 4F 44 6E 4A 3C	入りこみ\n困っておるのだ[FIN]この部屋の中の [PAL:02]白きまもの[PAL:00]を\n連れさっては くれぬだろうか?\n おやすいご用です\n やなこったい		review
0112	0x06EE1F	0044	40 4F 0F D1 E0 08 3C 7E 82 2A 3C 80 8F 6E 4D 81 10 3D 53 54 7E 7E 7E CD C9 3C DC 07 7E 7E 7E 7E 7E 7E 7E 7E 7E 7E 7E 7E 7E 7E 7E 7E CD C9 1E 7E 7E 7E 14 7E C9 1E DC 00 14 40 50 46 4D 63 0A 65 3D 6E 7D DE	かな?[FIN][E2:083C]·痛い目って言うのは···\n[PAU:3C][NXT]ず················\n[PAU:1E]···ば·[PAU:1E][NXT]がばかにしてるだろうっ![TPL:]		review
0113	0x06EE63	0012	D7 CD 68 6E 0F C9 1E 4F 68 0A 20 3F 80 01 54 6E 7D C0	[DFT]\nんっ?[PAU:1E]なんだ お前はっ![END]		review
0114	0x06EE75	0036	D7 E0 08 3B 5E 46 3C 81 2A 5C 6E 7D CD C9 1E 3F 80 01 40 61 20 80 BD 50 82 2A 3C 80 8F 80 54 48 4D 5E 63 CD 58 68 4E 50 58 68 4E 50 20 82 2A 3C 40 61 4F 6E 7D C0	[DFT][E2:083B]やしい奴めっ!\n[PAU:1E]お前から 先に痛い目見せてやる\nほんとにほんとに 痛いからなっ![END]		review
0115	0x06EEAB	0074	D7 E0 08 55 D4 73 D5 6E 20 3F 5A 49 64 46 59 46 4A 6E 7D CD 4A 46 40 50 20 82 2A 3C 80 8F 80 54 59 46 4A 3B 6E 7D CD 81 3C 14 40 62 54 20 3F 80 9A 43 67 D4 73 D5 6E D1 4F 68 0D 5D 20 3F 80 52 46 46 59 47 40 61 CD 5F 63 46 4D 42 0A 45 3C 6E 7D CD 20 81 46 4A 4B 53 20 80 8F 81 1F 54 4F 68 0A 7D 0F CD 20 81 3E 54 20 0A 59 6E 4D 80 54 53 00 47 53 45	[DFT][E2:0855][KATAKANA]ー[HIRAGANA]っ おみそれしましたっ!\nたしかに 痛い目見ましたあっ!\n命ばかりは お助けを[KATAKANA]ー[HIRAGANA]っ[FIN]なんでも お話ししますから\nゆるしてくださいっ!\n 君たちの 目的はなんだ!?\n 男は だまって見のがすのさ		review
0116	0x06F92D	000A	20 20 20 D4 65 44 44 80 99 D5	   [KATAKANA]ロココ町[HIRAGANA]		review
0117	0x06F955	000C	20 D4 44 6E 40 73 D5 45 68 53 80 55	 [KATAKANA]コッカー[HIRAGANA]さんの家		review
0118	0x06F962	000D	20 D4 47 4D 61 D5 3F 14 45 68 53 80 55	 [KATAKANA]ステラ[HIRAGANA]おばさんの家		review
0119	0x06F979	000A	20 20 D4 40 73 63 D5 53 80 55	  [KATAKANA]カール[HIRAGANA]の家		review
0120	0x06F98E	000C	20 20 80 A5 80 A6 80 A7 80 31 80 A8	  下水路入口		review
0121	0x06F9A5	000C	20 20 D4 65 44 44 80 99 D5 53 80 A9	  [KATAKANA]ロココ町[HIRAGANA]の港		review
0122	0x06F9B2	000E	20 D4 56 61 18 53 80 AA 80 AB D5 53 80 55	 [KATAKANA]フラボノ博士[HIRAGANA]の家		review
0123	0x06F9C1	000B	20 20 80 AC 80 AD 45 68 53 80 55	  漁師さんの家		review
0124	0x06F9DC	000A	20 20 0E 3D 42 4C 80 31 80 A8	  どうくつ入口		review
0125	0x06F9EF	000F	20 D4 54 6E 40 73 80 B0 80 65 80 31 80 A8 D5	 [KATAKANA]ハッカー幽地入口[HIRAGANA]		review
0126	0x06FA08	000D	20 D4 4E 65 6E 44 80 B1 80 B2 80 18 D5	 [KATAKANA]トロッコ停車場[HIRAGANA]		review
0127	0x06FA33	000C	20 20 80 B7 3C 53 80 5D 80 31 80 A8	  迷いの森入口		review
0128	0x06FA54	000C	20 80 B8 80 B9 5E 46 41 80 31 80 A8	 幽霊やしき入口		review
0129	0x06FA73	000A	20 20 20 20 80 65 80 A5 80 A0	    地下室		review
0130	0x06FA7E	000A	20 20 20 20 80 87 80 04 80 BC	    時計塔		review
0131	0x06FA89	000C	20 20 80 87 80 04 80 BC 80 31 80 A8	  時計塔入口		review
0132	0x06FA96	000C	20 04 80 BD 80 BE 80 BF 53 3F 80 C0	 ご先祖樣のお墓		review
0133	0x06FAA3	000A	20 20 50 66 4E 62 80 C1 80 18	  にわとり農場		review
0134	0x06FAB8	000A	20 20 20 80 C4 80 C5 53 80 81	   密林の村		review
0135	0x06FAC3	000A	20 20 20 80 81 80 82 53 80 55	   村長の家		review
0136	0x06FAD7	000A	20 20 41 4E 3D 80 AD 53 80 55	  きとう師の家		review
0137	0x06FAEB	0010	20 D4 14 3C 3F 80 39 80 3A 80 3B 80 31 80 A8 D5	 [KATAKANA]バイオ研究所入口[HIRAGANA]		review
0138	0x06FAFC	000E	20 20 20 D4 14 3C 3F 80 39 80 3A 80 3B D5	   [KATAKANA]バイオ研究所[HIRAGANA]		review
0139	0x06FB0B	000D	20 20 20 80 39 80 3A 80 3B 80 82 80 A0	   研究所長室		review
0140	0x06FB2C	000C	20 20 80 39 80 3A 80 9F 80 27 80 A0	  研究開発室		review
0141	0x06FB39	000C	20 20 80 CD 80 C4 80 39 80 3A 80 3B	  秘密研究所		review
0142	0x06FB67	000A	20 20 80 CD 80 C4 53 3C 62 3E	  秘密のいりえ		review
0143	0x06FB7A	000E	20 20 80 65 80 CF 80 27 80 D0 80 0D 80 84	  地震発生裝置		review
0144	0x06FB89	000C	80 7F 53 80 80 53 4F 68 0D 5D 80 A4	南の島のなんでも屋		review
0145	0x06FBA0	000C	20 20 80 99 80 82 80 D1 80 D2 80 D3	  町長會受付		review
0146	0x06FBD4	0012	D4 54 6E 40 73 80 D5 80 1A 80 B0 80 65 80 31 80 A8 D5	[KATAKANA]ハッカー航空幽地入口[HIRAGANA]		review
0147	0x06FBE7	000F	20 D4 54 6E 40 73 80 D5 80 1A 80 B0 80 65 D5	 [KATAKANA]ハッカー航空幽地[HIRAGANA]		review
0148	0x06FC01	000F	20 D4 54 6E 40 73 80 0A 80 6E 80 31 80 A8 D5	 [KATAKANA]ハッカー要塞入口[HIRAGANA]		review
0149	0x06FC11	000C	20 20 D4 54 6E 40 73 80 0A 80 6E D5	  [KATAKANA]ハッカー要塞[HIRAGANA]		review
0150	0x06FC37	000C	20 20 80 A6 80 A7 80 8B 80 23 80 A0	  水路操作室		review
0151	0x06FC4E	000A	20 20 40 68 41 68 80 79 80 A4	  かんきん部屋		review
0152	0x06FC9A	0010	20 80 9C 46 3C 80 59 80 D9 80 DA 80 DB 80 A0 20	 楽しい日本語教室 		review
0153	0x06FCAB	000A	20 20 20 D4 41 61 61 80 6B D5	   [KATAKANA]キララ星[HIRAGANA]		review
0154	0x06FCB6	000A	20 20 D4 46 71 44 61 80 6B D5	  [KATAKANA]ショコラ星[HIRAGANA]		review
0155	0x06FCC1	000D	D4 46 71 44 61 80 6B D5 55 4F 68 80 3B	[KATAKANA]ショコラ星[HIRAGANA]ひなん所		review
0156	0x06FCCF	000F	20 D4 46 71 44 61 80 6B 80 39 80 3A 80 A0 D5	 [KATAKANA]ショコラ星研究室[HIRAGANA]		review
0157	0x06FCDF	000F	20 D4 46 71 44 61 80 6B 80 B3 80 B4 80 A0 D5	 [KATAKANA]ショコラ星司令室[HIRAGANA]		review
0158	0x06FCFF	000D	20 20 D4 5C 4A 63 3B 3C 3B 68 80 DF D5	  [KATAKANA]メタルアイアン号[HIRAGANA]		review
0159	0x06FD0D	0010	20 20 D4 46 71 44 61 80 6B 80 69 80 6A 80 C2 D5	  [KATAKANA]ショコラ星宇宙船[HIRAGANA]		review
0160	0x06FD1E	000F	20 D4 54 6E 40 73 80 69 80 6A 80 0A 80 6E D5	 [KATAKANA]ハッカー宇宙要塞[HIRAGANA]		review
0161	0x06FD38	000C	20 20 80 E1 80 AB 80 E2 80 E3 80 3B	  兵士休息所		review
0162	0x06FD45	000E	D4 3E 64 17 73 4A 73 80 67 80 32 80 A0 D5	[KATAKANA]エレベーター動力室[HIRAGANA]		review
0163	0x06FD64	000C	20 20 D4 00 4E 73 D5 53 80 79 80 A4	  [KATAKANA]ガトー[HIRAGANA]の部屋		review
0164	0x06FD89	000F	20 80 69 80 6A 80 0A 80 6E 80 1C 80 E6 80 79	 宇宙要塞中心部		review
0165	0x06FDE0	001C	D7 20 42 07 64 4A 80 4A 0D CD 20 80 5F 00 20 56 45 00 64 4D 3C 63 7E 7E 7E 1F D2 C8	[DFT] くずれた岩で\n 道が ふさがれている···˳[WAI][DES]		review
0166	0x078CA2	0100	14 80 55 53 80 32 00 CD 80 09 80 0A 4F 68 0D 47 60 7D DE D8 E0 02 3D 5B 7E 7E 7E C9 1E 80 CE 50 80 8F 67 4C 43 4A 44 4E 54 CD 58 5C 4D 5E 63 00 20 80 CE 54 80 4C 80 2F 53 80 27 80 14 67 CD 80 42 53 4A 5C 50 20 81 C6 80 6C 47 63 80 89 54 4F 3C D1 59 3B 20 48 6E 40 42 80 10 4A 68 0A 40 61 CD 80 CE 53 80 28 46 3C 20 80 27 80 14 80 8C 67 80 54 48 4D 5E 65 3D CD 44 64 00 20 4F 68 0A 40 66 40 63 40 0F D1 E0 08 7E 7E 7E 58 3F 20 C9 1E D4 61 6E 19 D5 0D 47 40 0F CD 4F 4C 40 46 3C 4F 3B 20 C9 1E 80 CE 20 81 6F 81 C7 53 44 65 CD D4 4E 61 68 1C 6E 4E 80 79 D5 50 80 31 6E 4D 4A 68 0D 47 60 D1 E0 02 4A 0A 53 D4 61 6E 19 D5 4E 54 20 66 43 00 4B 00 3D CD 44 64 54 20 44 3D 5E 6E 4D 80 08 3D 53 0A 1F C0 D8 E0 08 66 D4 73 73 73 73 73 73 73 73 73 73 73 73 D5 6E 7D 7D C9 1E C8	ば家の力が\n必要なんですよ![TPL:D8][E2:023D]む···[PAU:1E]私に目をつけたことは\nほめてやるが 私は自分の発明を\n悪のために 利用する気はない[FIN]まあ せっかく来たんだから\n私の新しい 発明品を見せてやろう\nこれが なんだかわかるか?[FIN][E2:087E]··ほお [PAU:1E][KATAKANA]ラッパ[HIRAGANA]ですか?\nなつかしいなあ [PAU:1E]私 高校のころ\n[KATAKANA]トランペット部[HIRAGANA]に入ってたんですよ[FIN][E2:024A]だの[KATAKANA]ラッパ[HIRAGANA]とは わけがちがう\nこれは こうやって使うのだ˳[END][DF4][E2:0866][KATAKANA]ーーーーーーーーーーーー[HIRAGANA]っ!![PAU:1E][DES]		review
0167	0x078E83	0100	D5 C3 00 67 46 4D 5E 64 14 CD E0 1A 67 45 61 50 60 42 80 08 3E 63 09 D1 4F 50 0F 45 6E 41 53 80 46 40 0F CD 81 1D 80 F1 20 44 53 80 F1 80 F2 67 3B 61 46 80 0B 6E 4D 3C 63 CD C3 02 D4 54 6E 40 73 D5 C3 00 53 20 80 15 80 16 80 98 45 CD D4 47 40 3D 4E D5 50 41 4A 68 0A 4E 45 D1 0A 00 20 80 27 80 14 54 80 46 53 80 F6 50 80 F9 6E 4D 44 49 CD 80 48 81 87 53 3B 63 5D 53 4F 68 0A 09 CD 80 42 80 6C 4F 09 20 5D 6E 4D 53 81 92 0A CD 3F 59 3E 5D 60 42 20 3F 18 3E 4D 3F 41 4F 45 3C D1 49 3D 49 3D 20 44 64 54 3F 59 3E 50 5E 65 3D CD C3 02 15 6E 42 62 D4 58 73 68 D5 C3 00 4E 81 10 6E 4D CD 80 43 41 4F 80 44 67 80 45 47 20 D4 61 6E 19 D5 0A CD 80 EA 40 20 80 F6 50 4A 4C 44 4E 5D 3B 63 0A 65 3D DE 20 C2 00 54 CD C3 02 20 15 6E 42 62 D4 58 73 68 D5 C3 00 67 20 5D 61 6E 4A 7D	[HIRAGANA][PAL:00]をしてやれば\n[E2:1A67]さらによく使えるぞ[FIN]なに?さっきの人か?\n最近 この近辺をあらし回っている\n[PAL:02][KATAKANA]ハッカー[HIRAGANA][PAL:00]の 戦闘員さ\n[KATAKANA]スカウト[HIRAGANA]にきたんだとさ[FIN]だが 発明は人の役に立ってこそ\n意味のあるものなんだぞ\n悪用なぞ もっての他だ\nおまえもよく おぼえておきなさい[FIN]そうそう これはおまえにやろう\n[PAL:02]びっくり[KATAKANA]ホーン[HIRAGANA][PAL:00]と言って\n大きな音を出す [KATAKANA]ラッパ[HIRAGANA]だ\n何か 役にたつこともあるだろう[TPL:20][NAM:00]は\n[PAL:02] びっくり[KATAKANA]ホーン[HIRAGANA][PAL:00]を もらった!		review
0168	0x0790A8	0037	D0 80 EA 50 4C 3C 4D 20 81 0E 62 4A 3C 0F CD C9 28 20 80 27 80 14 53 44 4E CD 20 80 03 80 2B 53 44 4E CD 20 D4 65 18 6E 4E D5 53 44 4E CD 20 5E 6E 19 62 20 3C 3C 5E	[CLR]何について 知りたい?\n[PAU:28] 発明のこと\n 合成のこと\n [KATAKANA]ロボット[HIRAGANA]のこと\n やっぱり いいや		review
0169	0x07A342	0027	7E 3B 20 C9 3C 50 66 4E 62 53 80 00 80 01 0A 43 0E 52 CD C9 1E 00 20 C9 1E 3C 4F 42 4F 6E 4B 59 6E 4A 68 0A 60 7D C0	·あ [PAU:3C]にわとりの名前だけどね\n[PAU:1E]が [PAU:1E]いなくなっちまったんだよ![END]		review
0170	0x07A369	005C	D7 D4 40 D5 7E C9 1E D4 40 4E 62 73 51 D5 6B 6E 7D 7D 7D CD 0E 44 50 80 1E 6E 4D 4A 68 0A 3B 6E 7D CD 4E 4D 5D 20 80 E6 81 64 46 4A 68 0A 09 6D 6E 7D 7D D1 81 46 00 20 80 54 4C 43 4D 42 64 4A 53 40 0F CD 3B 62 00 4E 3D 7D CD 49 3D 0A 7D 80 EA 40 81 28 67 45 48 4D 42 64 7D DE	[DFT][KATAKANA]カ[HIRAGANA]·[PAU:1E][KATAKANA]カトリーヌ[HIRAGANA]ぅっ!!!\nどこに行ってたんだあっ!\nとても 心配したんだぞぉっ!![FIN]君が 見つけてくれたのか?\nありがとう!\nそうだ!何か礼をさせてくれ![TPL:]		review
0171	0x07A3C5	002B	D7 80 2D 4B 80 6D 00 20 3C 6E 19 3C 53 60 3D 0A 52 CD 50 5D 4C 53 81 3A 4F 3C 80 87 50 CD 59 4A 20 08 55 20 80 10 4D 42 64 7D C0	[DFT]持ち物が いっぱいのようだね\nにもつの少ない時に\nまた ぜひ 来てくれ![END]		review
0172	0x07A3F0	0052	D7 44 64 54 20 44 53 3B 3C 0A CD D4 40 4E 62 73 51 D5 00 20 0E 44 40 61 40 CD 55 65 6E 4D 41 4A 68 0A CD 44 64 67 81 46 50 20 3F 81 28 4E 46 4D 3B 03 60 3D 7D D1 20 C2 00 54 CD C3 02 20 D4 1B 61 07 59 16 64 3C 0E D5 C3 00 67 20 3C 4A 0A 3C 4A 7D	[DFT]これは このあいだ\n[KATAKANA]カトリーヌ[HIRAGANA]が どこからか\nひろってきたんだ\nこれを君に お礼としてあげよう![FIN] [NAM:00]は\n[PAL:02] [KATAKANA]プラズマブレイド[HIRAGANA][PAL:00]を いただいた!		review
0173	0x07E7CA	002C	44 7E 7E 7E 53 7E 7E 7E 40 17 5D CD 44 7E 7E 7E 66 45 4F 7E 7E 7E 3C 7E 7E 7E 4E CD 7E 7E 3D 7E 46 7E 65 7E 45 00 7E 7E 6E 4D 1F C0	こ···の···かべも\nこ···わさな···い···と\n··う·し·ろ·さが··って˳[END]		review
0174	0x07E7F6	0019	D7 7E 7E 7E 3B 3C 4A 7E 7E 7E 60 3D 0A CD 45 7E 45 3B 20 80 1E 44 3D 1F C0	[DFT]···あいた···ようだ\nさ·さあ 行こう˳[END]		review
0175	0x07E80F	009E	D7 DC 04 7E 7E 7E 5D 3D D4 0A 5C D5 7E 7E 7E 0A CD D4 3E 52 63 01 73 D5 00 7E 7E 7E 4F 42 4F 6E 4A CD 0A 00 7E 7E 7E 59 50 3B 6E 4D 60 40 6E 4A D1 7E 7E 7E 0D 41 63 44 4E 4F 61 7E 7E 7E CD D4 47 42 61 6E 1B D5 4E 4F 63 20 D4 66 4A 46 D5 53 7E 7E 7E CD 40 43 61 0D 5D 7E 7E 7E 55 65 6E 4D 42 64 CD D4 41 5A D5 67 20 80 54 80 E9 64 63 D1 3B 4E 53 44 4E 54 7E 7E 7E 4A 53 5B CD C3 02 D4 61 47 42 D5 C3 00 45 59 53 7E 7E 7E 80 48 82 3B 67 CD 7E 7E 7E 4C 3C 0D 42 64 1F DC 00 C0	[DFT][NXT]ご···もう[KATAKANA]ダメ[HIRAGANA]···だ\n[KATAKANA]エネルギー[HIRAGANA]が···なくなった\nだが···まにあってよかった[FIN]···できることなら···\n[KATAKANA]スクラップ[HIRAGANA]となる [KATAKANA]ワタシ[HIRAGANA]の···\nかけらでも···ひろってくれ\n[KATAKANA]キミ[HIRAGANA]を 見守れる[FIN]あとのことは···たのむ\n[PAL:02][KATAKANA]ラスク[HIRAGANA][PAL:00]さまの···意志を\n···ついでくれ˳[NXT]が[END]		review
0176	0x07E8AD	001D	D7 20 C2 00 54 CD C3 02 20 D4 47 42 61 6E 1B D5 21 C3 00 67 20 80 36 50 80 31 64 4A 7D	[DFT] [NAM:00]は\n[PAL:02] [KATAKANA]スクラップ[HIRAGANA]A[PAL:00]を 手に入れた!		review
0177	0x0882CF	007E	3B 63 68 0A 00 52 D1 49 44 50 80 99 80 82 00 20 C3 02 57 49 42 62 C3 00 67 CD 40 42 46 4D 3C 63 68 0A CD 4F 50 20 0E 3D 48 D4 66 3C 65 D5 53 81 06 45 CD 81 46 00 20 81 47 80 4E 50 80 08 6E 4D 42 64 1F C0 81 46 00 20 D4 65 44 44 80 99 D5 53 80 F8 80 62 67 CD 47 42 6E 4D 42 64 4A 68 0A 52 CD 0E 3D 5D 3B 62 00 4E 3D CD 81 46 54 20 80 BD 00 80 9C 46 5A 4F 81 35 81 26 0A 4F 3B 1F	あるんだがね[FIN]そこに町長が [PAL:02]へそくり[PAL:00]を\nかくしているんだ\nなに どうせ[KATAKANA]ワイロ[HIRAGANA]の金さ\n君が 有効に使ってくれ˳[END]君が [KATAKANA]ロココ町[HIRAGANA]の危機を\nすくってくれたんだね\nどうもありがとう\n君は 先が楽しみな若者だなあ˳		review
0178	0x088FF4	0076	54 81 41 3C 4D 63 60 CD 46 40 46 C3 02 80 B3 80 B4 80 BC C3 00 50 54 20 80 1A 40 61 46 40 CD 80 1E 42 44 4E 00 0D 41 4F 3C 4E 3C 3D 46 4F 3B D1 3F 06 45 68 50 5D 20 81 02 81 03 00 3C 4D 52 CD C3 02 D4 40 73 63 D5 C3 00 6E 4D 80 00 80 01 4F 68 0A 43 0E 52 CD 0A 40 61 20 41 5A 53 80 89 80 2D 4B 54 66 40 63 60 CD 4F 68 4E 40 46 4D 3B 03 4A 3C 4F 3B 1F C0	は聞いてるよ\nしかし[PAL:02]司令塔[PAL:00]には 空からしか\n行くことができないというしなあ[FIN]おじさんにも 子供がいてね\n[PAL:02][KATAKANA]カール[HIRAGANA][PAL:00]って名前なんだけどね\nだから きみの気持ちはわかるよ\nなんとかしてあげたいなあ˳[END]		review
0179	0x08906A	008A	D7 3E 0F C3 02 D4 40 73 63 D5 C3 00 67 81 0E 6E 4D 63 6E 4D 0F CD 49 3D 40 20 41 5A 5D D4 65 44 44 80 99 D5 53 80 46 4F 53 40 CD D4 40 73 63 D5 54 20 80 85 80 89 50 46 4D 4A 40 3C 0F CD 40 3B 45 68 67 20 44 59 61 48 4D 4F 3C 40 3C 0F D1 49 3D 0A 20 D4 40 73 63 D5 50 C3 02 4D 00 5A C3 00 67 80 38 42 40 61 CD 66 4A 46 4D 5D 61 3E 4F 3C 0A 65 3D 40 0F CD 20 3F 5E 47 3C 04 80 6C 0D 47 CD 20 3F 44 4E 66 62 46 59 47	[DFT]え?[PAL:02][KATAKANA]カール[HIRAGANA][PAL:00]を知ってるって?\nそうか きみも[KATAKANA]ロココ町[HIRAGANA]の人なのか\n[KATAKANA]カール[HIRAGANA]は 元気にしてたかい?\nかあさんを こまらせてないかい?[FIN]そうだ [KATAKANA]カール[HIRAGANA]に[PAL:02]てがみ[PAL:00]を書くから\nわたしてもらえないだろうか?\n おやすいご用です\n おことわりします		review
0180	0x0890F5	0027	D0 49 3D 40 7D 60 40 6E 4A 7D CD 47 02 50 80 38 42 40 61 20 4B 71 6E 4E 0A 43 CD 49 44 0D 20 81 1C 6E 4D 4D 42 64 C0	[CLR]そうか!よかった!\nすぐに書くから ちょっとだけ\nそこで 待っててくれ[END]		review
0181	0x08911C	0065	D7 7E 7E 7E 46 40 46 20 81 46 54 CD 5D 4B 5D 53 00 20 3C 6E 19 3C 53 60 3D 0A 52 CD 47 59 4F 3C 00 20 80 36 80 76 67 66 4A 48 63 60 3D CD 50 5D 4C 67 20 57 61 46 4D 42 64 4F 3C 40 0F C0 D0 7E 7E 7E 49 3D 40 CD 5E 6E 4E 20 D4 40 73 63 D5 4E 64 68 61 42 00 CD 4E 64 63 4E 80 7A 6E 4A 53 50 7E 7E 7E 1F C0	[DFT]···しかし 君は\nもちものが いっぱいのようだね\nすまないが 手紙をわたせるよう\nにもつを へらしてくれないか?[END][CLR]···そうか\nやっと [KATAKANA]カール[HIRAGANA]とれんらくが\nとれると思ったのに···˳[END]		review
0182	0x089181	005E	D7 45 6E 41 54 3B 41 61 5C 4A 00 CD D4 40 73 63 D5 4E 20 0E 3D 50 40 64 68 61 42 67 CD 4E 62 4A 3C 68 0A 7E 7E 7E D1 D4 40 73 63 D5 50 C3 02 4D 00 5A C3 00 67 80 38 42 40 61 CD 66 4A 46 4D 5D 61 3E 4F 3C 0A 65 3D 40 0F CD 20 3F 5E 47 3C 04 80 6C 0D 47 CD 20 3F 44 4E 66 62 46 59 47	[DFT]さっきはあきらめたが\n[KATAKANA]カール[HIRAGANA]と どうにかれんらくを\nとりたいんだ···[FIN][KATAKANA]カール[HIRAGANA]に[PAL:02]てがみ[PAL:00]を書くから\nわたしてもらえないだろうか?\n おやすいご用です\n おことわりします		review
0183	0x08927E	00B7	3E 6E 4E 7E 7E 7E CD C9 3C C3 02 D4 40 73 63 D5 20 57 CD 80 85 80 89 50 46 4D 3C 59 47 40 0F CD 81 51 50 3C 4F 42 4F 6E 4D 20 04 5C 68 4F 45 3C D1 4E 3D 45 68 54 20 80 42 3C 80 46 4A 4B 50 CD 45 61 66 64 4D 20 81 09 80 56 67 45 48 61 64 4D 59 47 CD 3F 80 01 5E 20 40 3B 45 68 53 44 4E 00 CD 80 89 00 40 62 0D 20 46 40 4A 3B 62 59 48 68 D1 3C 4C 80 EF 64 63 40 20 66 40 62 59 48 68 00 CD 3F 80 01 54 20 81 3E 53 81 02 4F 53 0A 40 61 CD 80 55 5E 40 3B 45 68 53 44 4E 67 4A 53 5A 59 47 1F CD 20 20 20 20 20 20 20 20 20 20 20 20 20 81 9E 60 62 C3 00 C0	えっと···\n[PAU:3C][PAL:02][KATAKANA]カール[HIRAGANA] へ\n元気にしていますか?\n急にいなくなって ごめんなさい[FIN]とうさんは 悪い人たちに\nさらわれて 仕事をさせられてます\nお前や かあさんのことが\n気がかりで しかたありません[FIN]いつ帰れるか わかりませんが\nお前は 男の子なのだから\n家やかあさんのことをたのみます˳\n             父より[PAL:00][END]		review
0184	0x089335	0049	D7 06 6F 3B 20 44 53 80 36 80 76 67 CD 4A 53 5A 59 47 CD 81 46 5D 20 80 43 80 50 4F 80 87 0A 65 3D 50 CD 66 00 59 59 81 10 6E 4D 20 47 59 4F 3C 52 1F D1 CD 20 C2 00 54 CD C3 02 20 4D 00 5A C3 00 67 20 3D 43 4E 6E 4A 7D	[DFT]じゃあ この手紙を\nたのみます\n君も 大変な時だろうに\nわがまま言って すまないね˳[FIN]\n [NAM:00]は\n[PAL:02] てがみ[PAL:00]を うけとった!		review
0185	0x089BA4	0078	D7 47 5A 59 48 68 20 0A 68 4F CD 3B 6E 46 54 20 0A 68 4F 53 44 4E 00 CD 80 E6 81 64 0D 80 E6 81 64 0D 7E 7E 7E 0D 5D 20 40 3E 6E 4D CD 82 0A 80 36 59 4E 3C 50 4F 6E 4B 59 3C 59 46 4A 52 D1 49 3D 49 3D 20 44 64 67 CD 45 46 3B 03 60 3D 4E 80 7A 3C 59 46 4D 7E 7E 7E CD 3B 6E 46 00 20 80 78 80 79 80 87 81 67 50 CD 80 08 6E 4D 3C 4A 5D 68 4F 68 0D 47 43 0E 52 DE	[DFT]すみません だんな\nあっしは だんなのことが\n心配で心配で···でも かえって\n足手まといになっちまいましたね[FIN]そうそう これを\nさしあげようと思いまして···\nあっしが 幹部時代に\n使っていたもんなんですけどね[TPL:]		review
0186	0x089C1C	0039	D7 7E 7E 7E 4E 20 80 7A 6E 4A 61 CD 50 5D 4C 00 20 3C 6E 19 3C 53 60 3D 0D 47 52 CD 50 5D 4C 54 20 4C 52 55 04 65 40 61 CD 81 78 0C 43 4F 3C 4E 20 3C 43 59 48 68 08 1F C0	[DFT]···と 思ったら\nにもつが いっぱいのようですね\nにもつは つねひごろから\n片づけないと いけませんぜ˳[END]		review
0187	0x089C55	001D	D7 20 C2 00 54 CD C3 02 20 40 68 16 D4 14 6E 4B D5 C3 00 67 20 80 36 50 80 31 64 4A 7D	[DFT] [NAM:00]は\n[PAL:02] かんぶ[KATAKANA]バッチ[HIRAGANA][PAL:00]を 手に入れた!		review
0188	0x08AF31	0013	D5 53 48 68 4A 42 60 62 CD 3F 5E 47 3C 5D 68 0D 47 7D C0	[HIRAGANA]のせんたくより\nおやすいもんです![END]		review
0189	0x08AF44	001A	D7 E0 16 56 3D 6E 20 4F 68 4E 40 80 45 63 44 4E 00 CD 0D 41 4A 40 7E 7E 7E DE	[DFT][E2:1656]うっ なんとか出ることが\nできたか···[TPL:]		review
0190	0x08AF5E	0033	D7 5E 7E 5E 42 49 42 54 20 80 E9 63 09 CD 80 CE 5D 20 81 3E 0A 40 61 4F 6E 7D CD 3F 3C 6E 20 80 9A 80 36 21 7D CD 81 06 67 20 80 2D 6E 4D 63 40 7D 0F DE	[DFT]や·やくそくは 守るぞ\n私も 男だからなっ!\nおいっ 助手A!\n金を 持ってるか!?[TPL:]		review
0191	0x08AF91	00A0	D7 E0 17 3E 0F C9 14 3E 0F C9 14 3E 0F CD C9 3C 66 7E 66 4A 46 53 20 3F 81 06 0D 47 40 6E 7D 0F D1 E0 16 80 9A 80 36 53 5D 53 54 20 80 AA 80 AB 53 5D 53 7D CD 44 53 81 3A 81 0A 50 20 81 46 53 3B 62 81 06 80 57 80 79 67 CD 66 4A 46 4A 59 3E 7D D1 E0 17 66 7E 66 40 62 59 46 4A 60 6D CD C9 3C 3B 53 7E 7E 7E 80 CE 20 3F 81 98 81 49 00 81 3A 4F 42 4D CD 44 64 46 40 4F 3C 68 0D 47 43 0E 7E 7E 7E D1 20 C2 00 54 CD C3 02 20 78 73 73 D4 4E 65 68 D5 C3 00 67 20 80 36 50 80 31 64 4A 7D	[DFT][E2:173E]?[PAU:14]え?[PAU:14]え?\n[PAU:3C]わ·わたしの お金ですかっ!?[FIN][E2:1680][BYTE:9A]手のものは 博士のもの!\nこの少年に 君のあり金全部を\nわたしたまえ![FIN][E2:1766]·わかりましたよぉ\n[PAU:3C]あの···私 お給料が少なくて\nこれしかないんですけど···[FIN] [NAM:00]は\n[PAL:02] 500[KATAKANA]トロン[HIRAGANA][PAL:00]を 手に入れた!		review
0192	0x08B093	005E	20 80 E9 6E 4D 3C 63 40 61 4F CD 49 3D 20 40 68 4A 68 50 54 CD 4D 0A 46 54 20 0D 41 68 09 D1 59 3B 20 5E 64 63 0A 43 5E 6E 4D 5A 63 00 3C 3C CD 80 CE 53 80 23 6E 4A 20 D4 1B 65 4D 42 4E D5 67 CD 4A 5C 47 20 3C 3C D4 4B 6F 68 47 D5 0A 7D CD 44 64 67 20 81 46 50 42 64 4D 5E 65 3D DE	 守っているからな\nそう かんたんには\nてだしは できんぞ[FIN]まあ やれるだけやってみるがいい\n私の作った [KATAKANA]プロテクト[HIRAGANA]を\nためす いい[KATAKANA]チャンス[HIRAGANA]だ!\nこれを 君にくれてやろう[TPL:]		review
0193	0x08B0F1	0019	D7 49 3D 49 3D 20 D4 40 01 D5 0A 6E 4A 4F CD 58 61 20 42 64 4D 5E 63 7D DE	[DFT]そうそう [KATAKANA]カギ[HIRAGANA]だったな\nほら くれてやる![TPL:]		review
0194	0x08B10A	0019	D7 20 C2 00 54 CD C3 02 20 D4 40 01 D5 C3 00 67 20 80 36 50 80 31 64 4A 7D	[DFT] [NAM:00]は\n[PAL:02] [KATAKANA]カギ[HIRAGANA][PAL:00]を 手に入れた!		review
0195	0x08B489	000F	7D CD C9 1E DC 00 80 9A 80 36 21 7D 80 1D 80	!\n[PAU:1E][NXT]が助手A!実[BYTE:80]		review
0196	0x08B498	0011	D7 0A 7D 7D CD 44 53 D4 52 07 5A D5 0D 20 80 1D 80	[DFT]だ!!\nこの[KATAKANA]ネズミ[HIRAGANA]で 実[BYTE:80]		review
0197	0x08B4A9	0019	D7 67 47 63 09 7D D1 E0 17 66 40 62 59 46 4A 7D 80 AA 80 AB 7D CD 80 1D 80	[DFT]をするぞ![FIN][E2:1766]かりました!博士!\n実[BYTE:80]		review
0198	0x08B4C2	0006	D7 0D 47 52 7D C0	[DFT]ですね![END]		review
0199	0x08B4C8	004D	D7 D4 44 68 1A 70 73 4A 73 D5 53 81 09 80 56 67 46 4D 63 80 46 6E 4D CD 40 66 6E 4A 80 46 00 20 81 23 3C 4E 81 41 41 59 47 43 0E CD 80 D9 81 15 50 20 49 3D 80 7A 3C 59 47 60 CD 3B 4F 4A 5D 20 80 89 67 4C 43 4D 42 0A 45 3C 52 1F C0	[DFT][KATAKANA]コンピューター[HIRAGANA]の仕事をしてる人って\nかわった人が 多いと聞きますけど\n本当に そう思いますよ\nあなたも 気をつけてくださいね˳[END]		review
0200	0x08B515	0074	D7 3B 7E 3B 53 6D 7E 7E 7E CD C9 1E 0E 7E D4 0E 42 4A 73 D5 27 54 CD 3B 3B 20 81 10 6E 4D 59 47 43 0E CD 45 6E 41 45 46 3B 03 4A 20 C3 03 80 CE 53 C3 00 3F 81 06 67 D1 81 6C 46 4D 42 64 4A 61 20 3B 53 81 3E 53 44 4E 67 CD 80 CE 00 20 80 DB 3E 4D 5D 3C 3C 68 0D 47 60 CD 20 3F 81 6C 46 46 59 46 71 3D CD 20 5D 61 6E 4A 81 06 54 20 81 6C 45 4F 3C 60	[DFT]あ·あのぉ···\n[PAU:1E]ど·[KATAKANA]ドクター[HIRAGANA]Gは\nああ 言ってますけど\nさっきさしあげた [PAL:03]私の[PAL:00]お金を[FIN]返してくれたら あの男のことを\n私が 教えてもいいんですよ\n お返ししましょう\n もらった金は 返さないよ		review
0201	0x08B5E9	0100	67 CD 81 78 0C 43 4D 3C 4A 0A 43 59 48 68 40 0F C0 D0 CD 20 C2 00 54 CD C3 02 20 78 73 73 D4 4E 65 68 D5 C3 00 67 20 66 4A 46 4A 7D D1 3D 3D 3D 20 3B 62 00 4E 3D 04 05 3C 59 47 CD 44 64 0D 20 80 26 81 8F 5D CD 42 61 46 4D 3C 43 59 47 D1 3B 53 81 3E 53 20 41 3F 42 54 CD C3 02 D4 5C 3C 68 44 68 1A 70 73 4A 73 D5 C3 00 53 80 1C 50 CD 80 31 64 61 64 4D 3C 63 54 07 0D 47 D1 0A 43 0E 20 81 32 80 0A 80 62 80 C4 0D 47 40 61 52 CD 80 EA 40 50 20 80 E9 61 64 4D 3C 63 54 07 0D 47 D1 49 64 4E 20 44 64 67 45 46 3B 03 59 47 CD 44 64 0D C3 02 D4 5C 3C 68 44 68 1A 70 73 4A 73 80 A0 D5 C3 00 50 CD 80 31 63 44 4E 00 20 0D 41 63 0D 46 71 3D CD D4 0E 42 4A 73 D5 27 50 54 20 D4 4F 3C 46 71 D5 0D 47 60 1F D1 20 C2 00 54 CD C3 02 20 D4 40 01 D5 C3 00 67 20 80 36 50 80 31 64 4A 7D	を\n片づけていただけませんか?[END][CLR]\n [NAM:00]は\n[PAL:02] 500[KATAKANA]トロン[HIRAGANA][PAL:00]を わたした![FIN]ううう ありがとうございます\nこれで 今月も\nくらしていけます[FIN]あの男の きおくは\n[PAL:02][KATAKANA]メインコンピューター[HIRAGANA][PAL:00]の中に\n入れられているはずです[FIN]だけど 重要機密ですからね\n何かに 守られているはずです[FIN]それと これをさしあげます\nこれで[PAL:02][KATAKANA]メインコンピューター室[HIRAGANA][PAL:00]に\n入ることが できるでしょう\n[KATAKANA]ドクター[HIRAGANA]Gには [KATAKANA]ナイショ[HIRAGANA]ですよ˳[FIN] [NAM:00]は\n[PAL:02] [KATAKANA]カギ[HIRAGANA][PAL:00]を 手に入れた!		review
0202	0x08C77B	005F	D7 E0 16 3C 6E 4A 3C 20 0E 44 50 80 1E 6E 4D 3C 4A 68 0A 7D CD 46 6E 40 62 20 5F 3D 0E 3D CD 46 4D 42 64 4A 59 3E 60 1F C0 D0 4F 7E 4F 50 00 20 58 46 3C 68 0A 0F CD 81 48 80 56 50 80 45 4A 61 20 81 8B 3E 63 09 7D CD 20 41 3F 42 67 81 12 6E 4A 81 3E 53 44 4E CD 20 3F 81 06 00 58 46 3C	[DFT][E2:163C]ったい どこに行っていたんだ!\nしっかり ゆうどう\nしてくれたまえよ˳[END][CLR]な·なにが ほしいんだ?\n無事に出たら 考えるぞ!\n きおくを失った男のこと\n お金がほしい		review
0203	0x08C7DB	0019	D0 49 3D 81 10 66 07 7D CD 49 44 67 20 4F 68 4E 40 7E 7E 7E CD CF 86 C8 88	[CLR]そう言わず!\nそこを なんとか···\n[STR:86C888]		review
0204	0x08C7F5	0061	D0 3B 53 20 C3 02 D4 3B 41 54 14 61 D5 C3 00 53 44 4E 40 0F CD 66 40 6E 4A 7D 80 DB 3E 4D 5E 63 7D CD 0D 54 20 81 30 82 4C 4A 53 5B 09 7D C0 D0 4F 7E 4F 50 6E 7D 0F C9 1E 81 06 40 6E 7D 0F CD C9 1E 66 7E 66 40 6E 4A 7D 81 06 4F 61 42 64 4D 5E 63 7D CD 0D 54 20 81 30 82 4C 4A 53 5B 09 7D C0	[CLR]あの [PAL:02][KATAKANA]アキハバラ[HIRAGANA][PAL:00]のことか?\nわかった!教えてやる!\nでは 早速たのむぞ![END][CLR]な·なにっ!?[PAU:1E]金かっ!?\n[PAU:1E]わ·わかった!金ならくれてやる!\nでは 早速たのむぞ![END]		review
0205	0x08C856	0049	D7 3B 6E 7D 49 44 53 20 80 5F 80 1E 42 81 3A 81 0A 60 7D CD 44 53 D4 0E 42 4A 73 D5 27 67 CD 81 48 81 4B 46 4D 80 1E 42 4E 3C 3D 53 40 7D 0F C0 20 81 8B 3E 4D 5E 61 68 0D 5D 4F 3C CD 20 4E 50 40 42 20 5E 4F 44 6E 4A 3C	[DFT]あっ!そこの 道行く少年よ!\nこの[KATAKANA]ドクター[HIRAGANA]Gを\n無視して行くというのか!?[END] 考えてやらんでもない\n とにかく やなこったい		review
0206	0x08D08C	003F	36 50 20 81 3F 4B 4D 46 59 6E 4A D1 0A 64 40 20 3B 53 80 69 80 6A 80 0A 80 6E 50 53 62 44 5A CD D4 4D 6A 61 5A 47 80 BF D5 67 CD 3F 80 9A 43 46 60 3D 4E 3C 3D 81 26 54 20 3C 4F 3C 40 0F C0	Vに 落ちてしまった[FIN]だれか あの宇宙要塞にのりこみ\n[KATAKANA]ティラミス樣[HIRAGANA]を\nお助けしようという者は いないか?[END]		review
0207	0x08D0CB	0078	D7 4F 68 4E 3C 3D 20 82 33 43 4F 3C 44 4E 0A 7D CD 4F 61 14 20 5E 5B 67 3E 4F 3C CD 44 64 60 62 20 82 77 80 46 53 82 5A 50 59 66 62 CD C3 02 D4 42 06 D5 C3 00 67 66 4A 47 D1 C3 02 80 70 3C D4 42 06 D5 C3 00 67 20 55 3C 4A 81 26 54 CD D4 4D 6A 61 5A 47 80 BF D5 20 81 9C 80 45 81 A9 4E 46 4D CD 82 4F 82 0D 46 4D 5D 61 3D 44 4E 4E 47 63 CD 60 65 46 3C 40 0F C0	[DFT]なんという 情けないことだ!\nならば やむをえない\nこれより 各人の席にまわり\n[PAL:02][KATAKANA]クジ[HIRAGANA][PAL:00]をわたす[FIN][PAL:02]赤い[KATAKANA]クジ[HIRAGANA][PAL:00]を ひいた者は\n[KATAKANA]ティラミス樣[HIRAGANA] 救出隊として\n参加してもらうこととする\nよろしいか?[END]		review
0208	0x08D143	0049	D7 E0 15 C2 00 80 BF 5D CD 55 4E 4C 20 3F 82 75 41 42 0A 45 3C D1 56 4A 4C 46 40 81 16 6E 4D 3F 62 59 48 68 00 7E 7E 7E CD 81 DE 4E 81 E6 20 0E 4B 61 00 60 65 46 3C 0D 47 40 0F CD 20 81 DE 67 55 42 CD 20 81 E6 67 55 42	[DFT][E2:15C2]が樣も\nひとつ お引きください[FIN]ふたつしか残っておりませんが···\n右と左 どちらがよろしいですか?\n 右をひく\n 左をひく		review
0209	0x08DAC0	002D	D7 D4 4D 6A 61 5A 47 80 BF D5 00 20 3F 81 1C 4B 0D 47 CD 44 53 81 B7 53 C3 02 80 B3 80 B4 80 A0 C3 00 50 CD 3F 3C 0D 42 0A 45 3C 1F C0	[DFT][KATAKANA]ティラミス樣[HIRAGANA]が お待ちです\nこの與の[PAL:02]司令室[PAL:00]に\nおいでください˳[END]		review
0210	0x08DAED	002F	D7 44 4B 61 53 80 B3 80 B4 80 A0 0D 54 CD 80 FB D4 54 6E 40 73 D5 53 4A 5C 53 80 23 80 15 67 CD 80 59 82 65 81 8B 3E 4D 3C 63 53 0D 47 1F C0	[DFT]こちらの司令室では\n対[KATAKANA]ハッカー[HIRAGANA]のための作戦を\n日夜考えているのです˳[END]		review
0211	0x08DB1C	0051	D7 44 4B 61 54 20 80 39 80 3A 80 A0 0D 47 CD D4 46 71 44 61 80 6B D5 53 20 81 99 81 9A 81 26 4A 4B 00 CD 80 FB D4 54 6E 40 73 80 69 80 6A 80 0A 80 6E 80 6C D5 53 81 D3 81 D4 53 CD 80 39 80 3A 80 9F 80 27 67 20 3F 44 4F 6E 4D 63 53 0D 47 1F C0	[DFT]こちらは 研究室です\n[KATAKANA]ショコラ星[HIRAGANA]の 科学者たちが\n対[KATAKANA]ハッカー宇宙要塞用[HIRAGANA]の武器の\n研究開発を おこなってるのです˳[END]		review
0212	0x08DB6D	0035	D7 44 44 54 20 80 D8 80 7B 80 A0 0D 47 CD D4 4D 6A 61 5A 47 80 BF D5 0D 46 4A 61 20 44 53 81 B7 53 CD C3 02 80 B3 80 B4 80 A0 C3 00 50 20 3F 3C 0D 0D 47 1F C0	[DFT]ここは 会誄室です\n[KATAKANA]ティラミス樣[HIRAGANA]でしたら この與の\n[PAL:02]司令室[PAL:00]に おいでです˳[END]		review
0213	0x08DBA2	001B	D7 44 4B 61 54 20 80 DC 80 DD D4 47 1C 73 47 D5 0D 47 CD 80 0A 80 6E 53 81 CB 81	[DFT]こちらは 居住[KATAKANA]スペース[HIRAGANA]です\n要塞の攻[BYTE:81]		review
0214	0x08E16C	0100	46 40 43 63 C3 00 53 0D 47 D1 44 64 67 20 C3 02 80 70 7E 80 72 7E 80 71 53 80 19 0D CD C3 00 D4 48 6E 4E D5 47 64 14 20 80 0A 80 6E 53 D4 3E 68 06 68 D5 53 CD 80 67 41 67 80 6F 5C 61 64 63 54 07 0D 47 D1 7E 7E 7E 49 44 0D 20 C2 00 80 BF 50 CD 3F 52 00 3C 00 3B 63 53 0D 47 CD C9 1E 80 1D 54 20 D4 46 71 44 61 80 6B D5 50 54 20 5D 3D CD 80 69 80 6A 80 C2 67 80 23 63 20 81 B1 81 19 00 4F 3C 53 0D 47 D1 C2 00 80 BF 54 20 80 69 80 6A 80 C2 67 CD 3F 80 2D 4B 0A 4E 20 81 41 3C 4D 3F 62 59 47 CD 49 64 50 20 80 ED 80 EE 80 0A 80 6E 53 81 56 80 79 50 5D CD 80 31 6E 4D 3C 61 6E 46 6F 63 D1 44 53 D4 1D 6E 4E D5 67 46 40 43 63 4A 5C 20 5D 3D 80 ED 80 EE CD 80 0A 80 6E 57 20 80 1E 6E 4D 3C 4A 0A 43 4F 3C 0D 47 40 0F CD 20 3F 5E 47 3C 04 80 6C 0D 47 CD 20 5D 3D 20 5E 0A 7D	しかける[PAL:00]のです[FIN]これを [PAL:02]赤·黄·青の順で\n[PAL:00][KATAKANA]セット[HIRAGANA]すれば 要塞の[KATAKANA]エンジン[HIRAGANA]の\n動きを止められるはずです[FIN]···そこで [NAM:00]樣に\nおねがいがあるのです\n[PAU:1E]実は [KATAKANA]ショコラ星[HIRAGANA]には もう\n宇宙船を作る 資材がないのです[FIN][NAM:00]樣は 宇宙船を\nお持ちだと 聞いております\nそれに 一度要塞の内部にも\n入っていらっしゃる[FIN]この[KATAKANA]ポット[HIRAGANA]をしかけるため もう一度\n要塞へ 行っていただけないですか?\n おやすいご用です\n もう やだ!		review
0215	0x08E2E6	0091	D7 3F 3C 20 5A 68 4F 7D C9 1E 81 41 3C 4D 4A 40 0F CD 80 1E 6E 4D 42 0A 45 63 49 3D 0A 09 7D C0 D0 58 7E 58 68 4E 3D 0D 47 40 0F 7D CD 7E 7E 7E 0D 5D 20 3F 50 5D 4C 00 CD 3C 6E 19 3C 0D 20 3F 66 4A 46 0D 41 59 48 68 52 CD 7E 7E 7E 4E 58 58 58 58 1F C0 D0 7E 7E 7E 49 3D 0D 47 40 20 C9 1E 49 3D 0D 47 60 52 CD 81 92 53 80 6B 53 81 04 50 20 4A 53 5B 4F 68 4D CD 82 29 00 60 47 01 59 47 52 CD C9 1E 7E 7E 7E 81 12 81 28 46 59 46 4A 1F C0	[DFT]おい みんな![PAU:1E]聞いてたか?\n行ってくださるそうだぞ![END][CLR]ほ·ほんとうですか?!\n···でも おにもつが\nいっぱいで おわたしできませんね\n···とほほほほ˳[END][CLR]···そうですか [PAU:1E]そうですよね\n他の星の方に たのむなんて\n虫がよすぎますね\n[PAU:1E]···失礼しました˳[END]		review
0216	0x08E377	0035	D7 44 64 54 C2 00 80 BF CD C9 14 80 EA 40 20 04 80 6C 0D 47 40 0F CD 20 5E 6E 19 62 20 81 05 80 32 46 4D 3B 03 63 CD 20 4F 68 0D 5D 4F 3C 60 20 60 68 0A 0A 43	[DFT]これは[NAM:00]樣\n[PAU:14]何か ご用ですか?\n やっぱり 協力してあげる\n なんでもないよ よんだだけ		review
0217	0x08EB6E	0100	80 14 80 8C 0A 4E 20 81 41 3C 4D 3C 59 47 D1 44 53 E0 00 40 61 20 3B 53 80 0A 80 6E 53 CD 82 28 81 B5 67 20 3D 4C 46 0A 46 CD 3B 64 50 20 80 FB 44 3D 0D 41 63 5D 53 67 CD 80 27 80 14 47 63 44 4E 00 0D 41 63 54 07 0D 47 D1 CD 20 C2 00 54 CD C3 02 20 80 75 74 C3 00 67 20 66 4A 46 4A D1 CD 20 C2 00 54 CD C3 02 20 80 75 75 C3 00 67 20 66 4A 46 4A D1 CD 20 C2 00 54 CD C3 02 20 80 75 76 C3 00 67 20 66 4A 46 4A D1 7E 7E 7E 3F 5E 0F CD C9 1E 40 66 6E 4A 5D 53 67 20 3F 5D 4B 0D 47 52 CD 49 53 C3 02 D4 47 42 61 6E 1B D5 21 C3 00 0D 47 60 CD E0 1A 53 20 D4 47 42 61 6E 1B D5 0D 47 52 D1 80 CE 54 20 D4 65 18 6E 4E D5 53 80 39 80 3A 5D 46 4D 59 46 4D 52 CD 82 4F 81 8B 50 20 80 54 48 4D 3C 4A 0A 43 59 48 68 40 0F CD 20 4B 71 6E 4E 0A 43 0A 60 CD 20 7E 7E 7E 7E 7E 7E 5E 0A	明品だと 聞いています[FIN]この[E2:0040]ら あの要塞の\n弱点を うつしだし\nあれに 対こうできるものを\n発明することができるはずです[FIN]\n [NAM:00]は\n[PAL:02] 石1[PAL:00]を わたした[FIN]\n [NAM:00]は\n[PAL:02] 石2[PAL:00]を わたした[FIN]\n [NAM:00]は\n[PAL:02] 石3[PAL:00]を わたした[FIN]···おや?\n[PAU:1E]かわったものを おもちですね\nその[PAL:02][KATAKANA]スクラップ[HIRAGANA]A[PAL:00]ですよ\n[E2:1A53] [KATAKANA]スクラップ[HIRAGANA]ですね[FIN]私は [KATAKANA]ロボット[HIRAGANA]の研究もしてましてね\n参考に 見せていただけませんか?\n ちょっとだけだよ\n ······やだ		review
0218	0x08EC6F	00C0	D0 80 D9 81 15 0D 47 40 0F C9 1E 3B 62 00 4E 3D 04 05 3C 59 47 CD 3C 65 68 4F 5D 53 67 20 80 C9 17 63 44 4E 00 CD 80 27 80 14 53 20 D4 55 68 4E D5 50 4F 62 59 47 40 61 52 D1 20 C2 00 54 CD C3 02 20 D4 47 42 61 6E 1B D5 21 C3 00 67 20 3F 80 5C 46 46 4A D1 0D 54 20 81 3A 46 53 81 2B 3F 81 75 62 46 59 47 CD 80 CE 54 20 80 39 80 3A 80 3B 53 81 04 50 3C 59 47 53 0D CD 08 55 20 80 54 81 9A 50 3C 61 46 4D 42 0A 45 3C 1F C0 D0 49 3D 3C 66 64 63 4E 20 59 47 59 47 CD 80 54 4A 42 4F 63 4F 3B 20 3F 52 00 3C 46 59 47 60 7D CD 20 4B 71 6E 4E 0A 43 0A 60 CD 20 7E 7E 7E 7E 7E 7E 5E 0A	[CLR]本当ですか?[PAU:1E]ありがとうございます\nいろんなものを 調べることが\n発明の [KATAKANA]ヒント[HIRAGANA]になりますからね[FIN] [NAM:00]は\n[PAL:02] [KATAKANA]スクラップ[HIRAGANA]A[PAL:00]を お貸しした[FIN]では 少しの間お借りします\n私は 研究所の方にいますので\nぜひ 見学にいらしてください˳[END][CLR]そういわれると ますます\n見たくなるなあ おねがいしますよ!\n ちょっとだけだよ\n ······やだ		review
0219	0x08F475	0028	0D 47 7D D1 4F 50 6E 7D 0F CD C9 1E 82 34 80 15 0A 7D 82 34 80 15 46 65 7D CD 44 53 59 59 0D 54 20 5E 61 64 63 09 7D C0	です![FIN]なにっ!?\n[PAU:1E]応戦だ!応戦しろ!\nこのままでは やられるぞ![END]		review
0220	0x08F49D	0010	D7 80 C2 80 82 7D CD 82 80 80 2C 00 20 81 CB 81	[DFT]船長!\n砲台が 攻[BYTE:81]		review
0221	0x08F4AE	0019	67 3D 43 59 46 4A 7D CD 82 34 80 15 47 63 44 4E 00 0D 41 59 48 68 6E 7D C0	をうけました!\n応戦することができませんっ![END]		review
0222	0x08F4C7	0014	D7 80 C2 80 82 7D D4 3E 68 06 68 63 73 5B D5 00 CD 81 CB 81	[DFT]船長![KATAKANA]エンジンルーム[HIRAGANA]が\n攻[BYTE:81]		review
0223	0x0992DC	00AF	82 6E 4D CD 3C 5E 4F 81 2A 0A 4E 80 7A 66 4F 3C 0F D1 5E 6E 19 62 20 49 3D 80 7A 3D 0F CD 3B 53 80 46 D4 65 44 44 80 99 D5 50 3D 61 5A 00 3B 63 40 61 CD 66 05 66 05 20 80 99 53 80 46 4A 4B 67 45 61 6E 4D CD 81 FB 40 48 4D 63 68 0D 46 71 0F C9 0A 82 11 3C 60 52 D1 0D 5D 20 3B 53 80 46 50 82 48 61 3D 4E CD 60 42 4D 5B 44 3D 46 14 61 42 C3 02 D4 4E 3C 64 D5 49 3D 06 CD C3 00 80 42 3C 4E 20 80 50 4F 80 27 80 14 80 8C 0D CD C3 02 D4 52 07 5A D5 C3 00 50 45 64 4B 6F 3D 61 46 3C 60 D1 CD 56 6B 68 20 41 67 4C 43 60 3D 6E 4E C0	骨て\nいやな奴だと思わない?[FIN]やっぱり そう思う?\nあの人[KATAKANA]ロココ町[HIRAGANA]にうらみがあるから\nわざわざ 町の人たちをさらって\n働かせてるんでしょ?[PAU:0A]暗いよね[FIN]でも あの人に逆らうと\nよくてむこうしばらく[PAL:02][KATAKANA]トイレ[HIRAGANA]そうじ\n[PAL:00]悪いと 変な発明品で\n[PAL:02][KATAKANA]ネズミ[HIRAGANA][PAL:00]にされちゃうらしいよ[FIN]\nふぅん きをつけようっと[END]		review
0224	0x09939C	0040	D7 52 6E 7D C9 0A 52 6E 7D C9 0A 52 6E 7D CD 80 26 53 80 52 20 81 41 3C 4D 4A 7D 0F CD 0A 64 40 50 20 80 52 47 4C 5D 62 7D 0F CD 20 49 64 54 20 55 5A 4C 0D 47 CD 20 80 52 46 4A 62 46 4F 3C 60	[DFT]ねっ![PAU:0A]ねっ![PAU:0A]ねっ!\n今の話 聞いてた!?\nだれかに 話すつもり!?\n それは ひみつです\n 話したりしないよ		review
0225	0x0995B9	00EA	67 82 3A 46 4D 63 68 0A 00 CD 80 54 81 12 6E 4A 6E 4D 0F CD C9 3C 14 6E 40 0A 52 3E 3F 80 01 20 44 53 80 39 80 3A 80 3B 50 54 CD 4B 71 6E 4E 46 4A 20 46 40 43 00 3B 63 53 45 D1 56 4C 3D 06 6F 20 80 54 3E 4F 3C D4 0E 3B D5 5E CD D4 4E 61 6E 1B D5 00 3B 6E 4D 4F CD C3 02 D4 40 5C 64 3F 68 02 61 47 D5 C3 00 6E 4D 53 00 4F 3C 4E CD 49 64 67 20 80 54 63 44 4E 54 0D 41 52 3E 68 0A 08 D1 81 F6 0F 81 F6 54 5D 4B 65 68 80 2D 6E 4D 63 45 CD C9 28 3E 0F C9 14 81 B6 46 3C 0F CD C9 14 57 57 57 20 81 85 53 80 1C 49 68 4F 50 3B 59 42 4F 3C 08 CD 81 3E 4F 61 20 80 4C 80 2F 0D 80 36 50 80 31 64 4F D1 4A 46 40 CD C3 02 80 39 80 3A 80 9F 80 27 80 A0 C3 00 6E 4D 80 3B 0D CD 80 23 6E 4D 63 54 07 0A 08 D1 D3 A6 96	を探してるんだが\n見失ったって?\n[PAU:3C]ばっかだねえお前 この研究所には\nちょっとした しかけがあるのさ[FIN]ふつうじゃ 見えない[KATAKANA]ドア[HIRAGANA]や\n[KATAKANA]トラップ[HIRAGANA]があってな\n[PAL:02][KATAKANA]カメレオングラス[HIRAGANA][PAL:00]ってのがないと\nそれを 見ることはできねえんだぜ[FIN]俺?俺はもちろん持ってるさ\n[PAU:28]え?[PAU:14]欲しい?\n[PAU:14]へへへ 世の中そんなにあまくないぜ\n男なら 自分で手に入れな[FIN]たしか\n[PAL:02]研究開発室[PAL:00]って所で\n作ってるはずだぜ[FIN][JMP][BYTE:A6][BYTE:96]		review
0226	0x0996A3	0016	D7 E0 03 C3 02 80 39 80 3A 80 9F 80 27 80 A0 C3 00 54 20 80 CB 80	[DFT][E2:03C3]ぐ研究開発室[PAL:00]は 食[BYTE:80]		review
0227	0x099AD9	0046	D0 49 64 54 20 60 40 6E 4A 08 7D CD 80 46 80 36 00 82 0A 62 4F 42 4D 20 81 37 6E 4D 4A 68 0A 60 CD C3 02 80 39 80 3A 80 9F 80 27 80 A0 50 20 80 45 80 01 67 CD 4E 0E 43 4D 42 64 52 3E 40 3C 0F D1 C3 00 80 CB 80	[CLR]それは よかったぜ!\n人手が足りなくて 困ってたんだよ\n[PAL:02]研究開発室に 出前を\nとどけてくれねえかい?[FIN][PAL:00]食[BYTE:80]		review
0228	0x099B20	006E	53 80 45 80 01 0A 6E 4D 81 10 3E 14 CD 80 9F 43 4D 42 64 63 40 61 60 CD 66 62 3C 4F 20 4A 53 68 0A 08 7D CD C9 14 3B 3B 20 3C 49 00 46 3C 3C 49 00 46 3C 7D C0 D0 4D 5E 68 0D 3C 6E 7D CD 81 1D 80 F1 53 20 81 35 3C 5D 68 54 47 02 50 CD 3C 49 00 46 3C 0D 20 50 03 5E 00 63 7D CD 06 6F 59 0A 06 6F 59 0A 20 80 45 4D 3C 41 4F 6E 7D C0	の出前だって言えば\n開けてくれるからよ\nわりいな たのんだぜ!\n[PAU:14]ああ いそがしいいそがしい![END][CLR]てやんでいっ!\n最近の 若いもんはすぐに\nいそがしいで にげやがる!\nじゃまだじゃまだ 出ていきなっ![END]		review
0229	0x099B8E	0014	D7 C3 02 80 39 80 3A 80 9F 80 27 80 A0 C3 00 54 20 80 CB 80	[DFT][PAL:02]研究開発室[PAL:00]は 食[BYTE:80]		review
0230	0x099CD7	0036	53 80 45 80 01 53 80 46 0F CD 3E 0F 4B 00 3D 53 CD 06 6F 3B 20 80 EF 6E 4A 80 EF 6E 4A 7D CD 80 79 81 36 81 26 53 80 F9 80 31 62 54 20 3F 44 4E 66 62 0A 60 1F C0	の出前の人?\nえ?ちがうの\nじゃあ 帰った帰った!\n部外者の立入りは おことわりだよ˳[END]		review
0231	0x099D0D	0007	D7 0A 64 0F 80 CB 80	[DFT]だれ?食[BYTE:80]		review
0232	0x099D15	0028	53 80 45 80 01 53 80 46 0F CD 3B 3B 60 40 6E 4A 20 3F 82 4A 1C 44 1C 44 0A 60 CD 45 3B 20 80 31 6E 4D 80 31 6E 4D 7D C0	の出前の人?\nああよかった お腹ぺこぺこだよ\nさあ 入って入って![END]		review
0233	0x099D3D	0007	D7 0A 64 0F 80 CB 80	[DFT]だれ?食[BYTE:80]		review
0234	0x099E96	0059	D7 80 26 54 20 3F 4D 04 65 D4 45 3C 07 D5 53 CD C3 02 80 46 81 2B 67 D4 52 07 5A D5 50 47 63 D4 64 73 05 73 D5 C3 00 67 CD 80 23 61 45 64 4D 3C 63 68 0A 7E 7E 7E CD 80 50 4F 5D 68 14 6E 40 0D 20 3C 5E 50 4F 63 60 D1 CD 81 3A 46 20 4D 51 41 46 4B 6F 3F 3D 40 4F 1F C0	[DFT]今は おてごろ[KATAKANA]サイズ[HIRAGANA]の\n[PAL:02]人間を[KATAKANA]ネズミ[HIRAGANA]にする[KATAKANA]レーザー[HIRAGANA][PAL:00]を\n作らされているんだ···\n変なもんばっかで いやになるよ[FIN]\n少し てぬきしちゃおうかな˳[END]		review
0235	0x099EEF	0051	D7 3F D4 56 65 D5 50 74 73 80 59 5D 80 31 6E 4D 4F 3C 46 CD 42 4C 80 A5 5D 20 42 45 42 4F 6E 4D 41 4A 46 7E 7E 7E CD C9 1E 4A 59 50 54 20 3F 3D 4B 53 D4 17 6E 0E D5 0D CD 5F 6E 42 62 20 52 4A 3C 60 7E 7E 7E 1F C0 02 00 69 00 01 02 22 70 9F 02	[DFT]お[KATAKANA]フロ[HIRAGANA]に10日も入ってないし\nくつ下も くさくなってきたし···\n[PAU:1E]たまには おうちの[KATAKANA]ベッド[HIRAGANA]で\nゆっくり ねたいよ···˳[END]ぐがぁがぎぐBゅ[BYTE:9F]ぐ		review
0236	0x09B201	0076	C3 00 0D CD C3 02 D4 52 07 5A D5 49 3D 06 C3 00 20 00 3F 44 4F 66 64 4D 3C 4D CD 80 CB 17 80 6D 67 81 18 62 50 80 1E 43 4F 42 4D CD 4E 4D 5D 81 37 6E 4D 63 D4 4B 70 3D D5 D1 3F 80 01 20 4B 71 6E 4E 80 1E 6E 4D CD 3B 3C 4C 61 67 20 80 EA 4E 40 47 63 D4 4B 70 3D D5 CD 0D 41 4F 3C 68 0A 6E 4A 61 CD 44 44 54 20 80 3C 46 4D 5E 61 4F 3C D4 4B 70 3D D5 1F C0	[PAL:00]で\n[PAL:02][KATAKANA]ネズミ[HIRAGANA]そうじ[PAL:00] がおこなわれていて\n食べ物を取りに行けなくて\nとても困ってる[KATAKANA]チュウ[HIRAGANA][FIN]お前 ちょっと行って\nあいつらを 何とかする[KATAKANA]チュウ[HIRAGANA]\nできないんだったら\nここは 通してやらない[KATAKANA]チュウ[HIRAGANA]˳[END]		review
0237	0x09B277	0007	D7 59 0A 20 80 CB 80	[DFT]まだ 食[BYTE:80]		review
0238	0x09CCE7	001B	0D 20 D4 3C 04 73 63 D5 50 5D CD 80 9C 67 45 48 4D 5E 63 44 4E 00 0D 41 63 1F C0	で [KATAKANA]イゴール[HIRAGANA]にも\n楽をさせてやることができる˳[END]		review
0239	0x09CD02	0055	D7 E0 14 3F 3F 20 81 3A 81 0A 40 7D CD 44 53 81 2B 53 20 40 61 42 62 80 46 82 09 54 CD 80 1D 50 20 60 42 54 4A 61 42 7D D1 44 53 80 2F 4F 61 14 20 59 5D 4F 42 CD 80 BB 5D 20 81 B3 80 2B 47 63 44 4E 0D 3B 65 3D CD 80 E6 60 62 20 81 28 67 5D 3D 47 09 1F C0	[DFT][E2:143F]お 少年か!\nこの間の からくり人形は\n実に よくはたらく![FIN]この分ならば まもなく\n館も 完成することであろう\n心より 礼をもうすぞ˳[END]		review
0240	0x09CD57	0090	D7 E0 14 7E 7E 7E 54 4D CD 44 64 54 20 80 60 82 1D 80 7A 80 7B 4F 80 6D 81 22 67 CD 80 2D 6E 4D 3F 63 D1 4F 50 0F 44 64 54 80 46 53 80 36 80 9A 43 67 47 63 CD 40 61 42 62 80 46 82 09 4E 4F 0F CD C9 1E 0D 54 20 80 BB 53 82 17 80 D6 67 CD 47 63 44 4E 5D 0D 41 63 53 40 0F D1 81 3A 81 0A 60 7D 44 53 40 61 42 62 80 46 82 09 67 CD 80 5C 46 3B 4A 3E 4D 54 20 42 64 51 40 0F CD 20 3F 5E 47 3C 04 80 6C 0D 47 CD 20 3F 44 4E 66 62 46 59 47	[DFT][E2:147E]··はて\nこれは 不可思誄な物体を\n持っておる[FIN]なに?これは人の手助けをする\nからくり人形とな?\n[PAU:1E]では 館の建設を\nすることもできるのか?[FIN]少年よ!このからくり人形を\n貸しあたえては くれぬか?\n おやすいご用です\n おことわりします		review
