# Likely CC-terminated encoded text payloads; no TBL applied.
# offset	length	raw bytes	placeholder rendering
0x01CC57	005D	C9 C6 C3 C0 BE BB B8 B6 B3 B1 AE AC AA A7 A5 A3 A1 9F 9D 9B 99 97 95 93 92 90 8F 8D 8C 8A 89 88 87 86 85 84 83 83 82 81 81 81 81 81 81 81 81 81 81 81 81 81 81 81 82 83 83 84 85 86 87 88 89 8A 8C 8D 8F 90 92 93 95 97 99 9B 9D 9F A1 A3 A5 A7 AA AC AE B1 B3 B6 B8 BB BE C0 C3 C6 C9	<C9><C6><C3><C0><BE><BB><B8><B6><B3><B1><AE><AC><AA><A7><A5><A3><A1><9F><9D><9B><99><97><95><93><92><90><8F><8D><8C><8A><89><88><87><86><85><84><83><83><82><81><81><81><81><81><81><81><81><81><81><81><81><81><81><81><82><83><83><84><85><86><87><88><89><8A><8C><8D><8F><90><92><93><95><97><99><9B><9D><9F><A1><A3><A5><A7><AA><AC><AE><B1><B3><B6><B8><BB><BE><C0><C3><C6><C9>
0x01CF69	0026	D0 5D 3D 46 66 43 04 05 3C 59 48 68 CD D4 4E 65 68 D5 00 20 4A 62 4F 3C 53 0D CD 59 4A 3F 44 46 42 0A 45 3C 1F D2	<D0>]=FfC<04><05><YHh<CD><D4>Neh<D5><00> JbO<S<0D><CD>YJ?DFB<0A>E<<1F><D2>
0x01D0E7	0010	80 2D 4B 80 6D 00 3C 6E 19 3C 0D 55 65 3E 4F 3C	<80>-K<80>m<00><n<19><<0D>Ue>O<
0x01D0F8	0012	D0 80 EA 00 58 46 3C 68 0A 0F 80 0F 68 0D 42 64 60 1F	<D0><80><EA><00>XF<h<0A><0F><80><0F>h<0D>Bd`<1F>
0x01D14E	001D	D0 4F 68 0A 20 80 2D 4B 80 6D 00 3C 6E 19 3C 0D CD 66 4A 48 4F 3C 06 6F 4F 3C 40 1F D2	<D0>Oh<0A> <80>-K<80>m<00><n<19><<0D><CD>fJHO<<06>oO<@<1F><D2>
0x01D28A	001A	D0 C5 3C E2 80 0B 67 20 47 4D 59 47 40 0F CD 20 5E 5C 4D 3F 42 CD 20 47 4D 63	<D0><C5><<E2><80><0B>g GMYG@<0F><CD> ^\M?B<CD> GMc
0x01D2DE	0022	D0 D4 3B 3C 4D 5B D5 53 80 1A 41 67 4C 5C 59 47 40 0F CD 20 80 1A 41 67 4C 5C 63 CD 20 5E 5C 4D 3F 42	<D0><D4>;<M[<D5>S<80><1A>AgL\YG@<0F><CD> <80><1A>AgL\c<CD> ^\M?B
0x01D301	0025	D0 D4 3B 3C 4D 5B D5 67 80 19 80 1B 50 4F 61 15 40 3E 59 47 40 0F CD 20 4F 61 15 40 3E 63 CD 20 5E 5C 4D 3F 42	<D0><D4>;<M[<D5>g<80><19><80><1B>POa<15>@>YG@<0F><CD> Oa<15>@>c<CD> ^\M?B
0x01D440	002D	D0 C5 3C E2 80 0B 67 80 23 63 50 54 CD C6 04 82 0B D4 4E 65 68 80 09 80 0A D5 0D 47 1F CD 20 80 23 63 20 20 20 20 20 20 5E 5C 4D 3F 42	<D0><C5><<E2><80><0B>g<80>#cPT<CD><C6><04><82><0B><D4>Neh<80><09><80><0A><D5><0D>G<1F><CD> <80>#c      ^\M?B
0x01D47D	001F	D0 80 2D 4B 80 6D 00 20 3C 6E 19 3C 0D CD 80 28 46 3C 5D 53 54 20 80 23 64 59 48 68 60 1F D2	<D0><80>-K<80>m<00> <n<19><<0D><CD><80>(F<]ST <80>#dYHh`<1F><D2>
0x01D49D	0023	D0 44 64 54 20 5D 3D 80 2D 6E 4D 3F 63 06 6F 65 CD 4A 42 45 68 80 23 6E 4D 5D 81 09 81 04 4F 3C 09 1F D2	<D0>DdT ]=<80>-nM?c<06>oe<CD>JBEh<80>#nM]<81><09><81><04>O<<09><1F><D2>
0x01D60B	0010	D0 44 64 54 20 80 03 80 2B 0D 41 4F 3C 60 1F D2	<D0>DdT <80><03><80>+<0D>AO<`<1F><D2>
0x01D686	001B	D0 44 53 D4 3B 3C 4D 5B D5 54 20 D4 62 45 3C 42 63 D5 CD 0D 41 59 48 68 52 1F D2	<D0>DS<D4>;<M[<D5>T <D4>bE<Bc<D5><CD><0D>AYHhR<1F><D2>
0x01D6D8	0052	C1 03 11 C7 0D 04 00 3F 59 3E 45 68 54 20 5D 3D 76 80 2C 5D CD D4 65 18 6E 4E D5 67 20 80 2D 6E 4D 3F 63 06 6F 65 3D CD 49 64 0A 43 3F 64 14 20 80 2E 80 2F 06 6F 1F C0 D0 58 3C 20 41 4A 6E 7D 45 6E 49 42 CD 80 23 80 24 50 4E 62 40 40 63 09 7D 7D	<C1><03><11><C7><0D><04><00>?Y>EhT ]=v<80>,]<CD><D4>e<18>nN<D5>g <80>-nM?c<06>oe=<CD>Id<0A>C?d<14> <80>.<80>/<06>o<1F><C0><D0>X< AJn}EnIB<CD><80>#<80>$PNb@@c<09>}}
0x01D760	0013	D0 D4 5C 68 4D 4F 68 47 D5 00 80 30 66 62 59 46 4A 1F D2	<D0><D4>\hMOhG<D5><00><80>0fbYFJ<1F><D2>
0x01D859	000F	D0 44 53 80 02 67 4E 3D 65 42 46 59 47 40 0F	<D0>DS<80><02>gN=eBFYG@<0F>
0x01D869	000E	D0 20 4E 3D 65 42 20 20 20 20 45 42 06 71	<D0> N=eB    EB<06>q
0x01D89F	002F	DD C1 08 03 C7 0A 0B FF 20 20 80 33 80 34 53 41 65 42 C1 08 15 41 65 42 67 80 0F 68 0D 42 0A 45 3C 20 CD 20 20 20 20 20 20 20 20 20 20 20 20	<DD><C1><08><03><C7><0A><0B><FF>  <80>3<80>4SAeB<C1><08><15>AeBg<80><0F>h<0D>B<0A>E< <CD>            
0x01D8CF	007F	DD C1 08 03 C7 0A 0B FF 20 20 41 65 42 53 D4 44 1A 73 D5 CD CD 20 20 20 20 20 20 20 20 20 20 20 20 CD 20 20 20 20 20 20 20 20 20 20 20 20 CD 20 20 20 20 20 20 20 20 20 20 20 20 CD 20 20 20 20 20 20 20 20 20 20 20 20 CD 20 20 20 20 20 20 20 20 20 20 20 20 CD 20 20 20 20 20 20 20 20 20 20 20 20 CD CD 0E 64 67 D4 44 1A 73 D5 46 59 47 40 0F 20 CD 20 20 20 20 20 20 20 20 20 20 20 20	<DD><C1><08><03><C7><0A><0B><FF>  AeBS<D4>D<1A>s<D5><CD><CD>            <CD>            <CD>            <CD>            <CD>            <CD>            <CD><CD><0E>dg<D4>D<1A>s<D5>FYG@<0F> <CD>            
0x01D96F	001F	DD C1 08 15 20 5E 5C 4D 3F 42 20 20 20 20 20 20 CD 20 D4 44 1A 73 D5 47 63 20 20 20 20 20 20	<DD><C1><08><15> ^\M?B      <CD> <D4>D<1A>s<D5>Gc      
0x01D9DE	001E	DD C1 08 15 20 5E 5C 4D 3F 42 20 20 20 20 20 20 CD 20 80 35 46 59 47 20 20 20 20 20 20 20	<DD><C1><08><15> ^\M?B      <CD> <80>5FYG       
0x01DC5D	0032	80 39 80 3A 80 3B 53 D4 4F 01 45 D5 45 68 4E 20 80 3C 80 3D 0D 41 63 CD 46 40 46 20 80 3E 80 3F 80 40 80 41 00 80 42 3C 4E CD 80 3C 80 3D 0D 41 4F 3C	<80>9<80>:<80>;S<D4>O<01>E<D5>EhN <80><<80>=<0D>Ac<CD>F@F <80>><80>?<80>@<80>A<00><80>B<N<CD><80><<80>=<0D>AO<
0x01DC90	0031	80 08 3D 4E 20 80 43 41 4F 80 44 00 80 45 63 D4 58 73 68 D5 CD 80 46 67 3F 0E 40 46 4A 62 20 80 47 80 48 67 55 3C 4A 62 CD 47 63 44 4E 00 0D 41 63	<80><08>=N <80>CAO<80>D<00><80>Ec<D4>Xsh<D5><CD><80>Fg?<0E>@FJb <80>G<80>HgU<Jb<CD>GcDN<00><0D>Ac
0x01DCC2	0024	5D 02 61 80 49 53 D4 0E 62 63 D5 CD 5E 66 61 40 3C 80 4A 5E 40 17 00 CD 44 64 0D 20 58 63 44 4E 00 0D 41 63	]<02>a<80>IS<D4><0E>bc<D5><CD>^fa@<<80>J^@<17><00><CD>Dd<0D> XcDN<00><0D>Ac
0x01DCE7	0036	44 64 67 80 4B 50 59 4E 3D 4E 20 46 14 61 42 CD 80 4C 80 2F 53 80 4D 67 20 80 35 47 44 4E 00 0D 41 63 CD 80 4E 80 4F 00 80 35 3E 63 4E 20 4F 42 4F 6E 4D 46 59 3D	Ddg<80>KPYN=N F<14>aB<CD><80>L<80>/S<80>Mg <80>5GDN<00><0D>Ac<CD><80>N<80>O<00><80>5>cN OBOnMFY=
0x01DD1E	003A	44 64 67 20 80 08 3D 4E 20 D4 52 07 5A D5 50 80 50 80 4B 46 4D CD D4 52 07 5A 80 51 D5 67 20 80 3C 63 44 4E 00 0D 41 4A 62 CD D4 52 07 5A D5 4E 20 80 52 47 44 4E 00 0D 41 63	Ddg <80><08>=N <D4>R<07>Z<D5>P<80>P<80>KFM<CD><D4>R<07>Z<80>Q<D5>g <80><cDN<00><0D>AJb<CD><D4>R<07>Z<D5>N <80>RGDN<00><0D>Ac
0x01DD59	0031	44 64 67 80 0D 80 0E 46 4D 3F 42 4E CD 80 53 53 D4 66 4F D5 5E 20 40 42 46 D4 4E 15 61 D5 4F 0E CD 56 0A 68 20 80 54 3E 4F 3C 5D 53 00 80 54 3E 63	Ddg<80><0D><80><0E>FM?BN<CD><80>SS<D4>fO<D5>^ @BF<D4>N<15>a<D5>O<0E><CD>V<0A>h <80>T>O<]S<00><80>T>c
0x01DDB0	0031	80 55 80 56 80 57 80 58 7E 80 59 80 5A 80 43 80 5B 4F 0E 67 44 4F 47 CD D4 65 18 6E 4E D5 CD 81 37 6E 4D 3C 63 80 46 50 20 80 5C 46 4D 3B 03 60 3D	<80>U<80>V<80>W<80>X~<80>Y<80>Z<80>C<80>[O<0E>gDOG<CD><D4>e<18>nN<D5><CD><81>7nM<c<80>FP <80>\FM;<03>`=
0x01DDE2	0014	42 61 5E 5A 67 4D 61 47 44 4E 53 0D 41 63 CD D4 61 3C 4E D5	Ba^ZgMaGDNS<0D>Ac<CD><D4>a<N<D5>
0x01DDF7	001E	80 5D 0D 80 36 50 80 31 64 4A 20 80 5E 53 4A 52 CD 49 53 80 08 3C 80 5F 54 20 80 60 80 14	<80>]<0D><80>6P<80>1dJ <80>^SJR<CD>IS<80><08><<80>_T <80>`<80><14>
0x01DE16	0036	D4 40 73 63 D5 53 3F 4E 3D 45 68 00 42 64 4A CD 80 61 80 1E 80 62 0D 20 80 63 3C 4D 3C 43 4F 3C 60 3D 4F CD 80 64 80 65 57 20 80 66 80 67 47 63 44 4E 00 0D 41 63	<D4>@sc<D5>S?N=Eh<00>BdJ<CD><80>a<80><1E><80>b<0D> <80>c<M<CO<`=O<CD><80>d<80>eW <80>f<80>gGcDN<00><0D>Ac
0x01DE4D	0026	44 64 50 80 68 63 4E 20 54 63 40 80 69 80 6A 53 40 4F 4A CD D4 46 71 44 61 80 6B D5 57 4E 20 80 66 80 67 0D 41 63	DdP<80>hcN Tc@<80>i<80>jS@OJ<CD><D4>FqDa<80>k<D5>WN <80>f<80>g<0D>Ac
0x01DEA7	001C	44 64 67 80 4B 50 4C 43 63 4E CD 80 67 80 6D 4E 20 80 52 00 0D 41 63 60 3D 50 4F 63	Ddg<80>KPLCcN<CD><80>g<80>mN <80>R<00><0D>Ac`=POc
0x01DEC4	002E	80 0D 80 0E 47 63 4E 20 D4 44 68 1A 70 73 4A 73 D5 53 CD 80 1C 50 80 31 64 63 60 3D 50 4F 63 4E 3C 3D CD D4 45 3C 14 73 D5 4F 46 65 5D 53	<80><0D><80><0E>GcN <D4>Dh<1A>psJs<D5>S<CD><80><1C>P<80>1dc`=POcN<=<CD><D4>E<<14>s<D5>OFe]S
0x01DEF3	0024	D4 54 6E 40 73 80 69 80 6A 80 0A 80 6E D5 53 CD D4 3E 68 06 68 D5 67 80 6F 5C 63 20 80 70 3C D4 1D 6E 4E D5	<D4>Tn@s<80>i<80>j<80><0A><80>n<D5>S<CD><D4>>h<06>h<D5>g<80>o\c <80>p<<D4><1D>nN<D5>
0x01DF18	0024	D4 54 6E 40 73 80 69 80 6A 80 0A 80 6E D5 53 CD D4 3E 68 06 68 D5 67 80 6F 5C 63 20 80 71 3C D4 1D 6E 4E D5	<D4>Tn@s<80>i<80>j<80><0A><80>n<D5>S<CD><D4>>h<06>h<D5>g<80>o\c <80>q<<D4><1D>nN<D5>
0x01DF3D	0026	D4 54 6E 40 73 80 69 80 6A 80 0A 80 6E D5 53 CD D4 3E 68 06 68 D5 67 80 6F 5C 63 20 80 72 80 73 3C D4 1D 6E 4E D5	<D4>Tn@s<80>i<80>j<80><0A><80>n<D5>S<CD><D4>>h<06>h<D5>g<80>o\c <80>r<80>s<<D4><1D>nN<D5>
0x01DF78	0019	D4 40 73 63 D5 53 3F 4E 3D 45 68 40 61 CD D4 40 73 63 D5 57 53 80 36 80 76	<D4>@sc<D5>S?N=Eh@a<CD><D4>@sc<D5>WS<80>6<80>v
0x01DF92	0015	D4 40 73 63 D5 00 0E 3D 42 4C 0D 80 54 4C 43 4A CD 80 75 80 77	<D4>@sc<D5><00><0E>=BL<0D><80>TLCJ<CD><80>u<80>w
0x01DFA8	0026	D4 54 6E 40 73 D5 53 80 78 80 79 46 40 80 31 64 4F 3C 80 18 80 3B 57 CD 80 31 63 44 4E 53 0D 41 63 D4 14 6E 4B D5	<D4>Tn@s<D5>S<80>x<80>yF@<80>1dO<<80><18><80>;W<CD><80>1cDNS<0D>Ac<D4><14>nK<D5>
0x01DFE8	0023	80 60 80 7A 80 7B 4F 80 7C 67 20 D4 41 61 41 61 D5 4E 80 7D 4C CD 80 60 80 7A 80 7B 4F 80 75 20 49 53 74	<80>`<80>z<80>{O<80>|g <D4>AaAa<D5>N<80>}L<CD><80>`<80>z<80>{O<80>u ISt
0x01E00C	0023	80 60 80 7A 80 7B 4F 80 7C 67 20 D4 41 61 41 61 D5 4E 80 7D 4C CD 80 60 80 7A 80 7B 4F 80 75 20 49 53 75	<80>`<80>z<80>{O<80>|g <D4>AaAa<D5>N<80>}L<CD><80>`<80>z<80>{O<80>u ISu
0x01E030	0023	80 60 80 7A 80 7B 4F 80 7C 67 20 D4 41 61 41 61 D5 4E 80 7D 4C CD 80 60 80 7A 80 7B 4F 80 75 20 49 53 76	<80>`<80>z<80>{O<80>|g <D4>AaAa<D5>N<80>}L<CD><80>`<80>z<80>{O<80>u ISv
0x01E054	0024	54 4F 64 80 80 0D 80 36 50 80 31 64 4A 20 80 70 3C 80 5E CD 82 2E 81 86 50 20 80 4E 80 4F 00 3B 63 61 46 3C	TOd<80><80><0D><80>6P<80>1dJ <80>p<<80>^<CD><82>.<81><86>P <80>N<80>O<00>;caF<
0x01E07F	001D	0E 3D 42 4C 0D 55 65 6E 4A 5D 53 CD 45 15 4D 3C 4D 20 44 53 59 59 0D 54 80 08 3E 4F 3C	<0E>=BL<0D>UenJ]S<CD>E<15>M<M DSYY<0D>T<80><08>>O<
0x01E0BA	001B	D4 1D 62 68 41 73 80 55 D5 53 54 3C 41 71 0D 5D 61 6E 4A CD D4 47 42 61 6E 1B D5	<D4><1D>bhAs<80>U<D5>ST<Aq<0D>]anJ<CD><D4>GBan<1B><D5>
0x01E0D6	0021	80 27 80 14 D4 59 46 68 D5 0D 20 3C 65 68 4F 5D 53 4E CD 80 03 80 2B 0D 41 63 D4 47 42 61 6E 1B D5	<80>'<80><14><D4>YFh<D5><0D> <ehO]SN<CD><80><03><80>+<0D>Ac<D4>GBan<1B><D5>
0x01E131	0017	D4 65 18 6E 4E D5 53 25 2E 25 32 27 39 67 CD 80 0B 80 0C 47 63 5D 53	<D4>e<18>nN<D5>S%.%2'9g<CD><80><0B><80><0C>Gc]S
0x01E149	002C	D4 45 15 D5 4D 46 59 6E 4D 20 25 2E 25 32 27 39 00 CD 0E 68 0E 68 80 86 6E 4D 3C 63 CD D4 65 18 6E 4E D5 67 80 85 50 5D 0E 47 5D 53	<D4>E<15><D5>MFYnM %.%2'9<00><CD><0E>h<0E>h<80><86>nM<c<CD><D4>e<18>nN<D5>g<80><85>P]<0E>G]S
0x01E176	0020	D4 47 42 61 6E 1B D5 50 4F 6E 4D 46 59 6E 4A CD D4 65 18 6E 4E D5 67 20 80 85 50 5D 0E 47 5D 53	<D4>GBan<1B><D5>POnMFYnJ<CD><D4>e<18>nN<D5>g <80><85>P]<0E>G]S
0x01E1B5	002D	4F 68 4E 20 80 4C 80 2F 0D 80 88 80 89 67 CD 80 4C 80 8A 50 80 8B 63 44 4E 00 0D 41 63 4E 3C 3D CD 3F 0E 65 42 17 41 80 27 80 14 80 8C	OhN <80>L<80>/<0D><80><88><80><89>g<CD><80>L<80><8A>P<80><8B>cDN<00><0D>AcN<=<CD>?<0E>eB<17>A<80>'<80><14><80><8C>
0x01E1E3	0038	D4 18 42 D5 54 20 D4 04 5A 80 8D D5 42 68 0D 47 CD 80 8E 4D 4A 3C D4 3B 3C 4D 5B D5 67 3E 61 68 0D CD 75 D4 44 80 8F D5 53 D4 40 73 49 63 D5 67 3B 66 48 4D 42 0A 45 3C	<D4><18>B<D5>T <D4><04>Z<80><8D><D5>Bh<0D>G<CD><80><8E>MJ<<D4>;<M[<D5>g>ah<0D><CD>u<D4>D<80><8F><D5>S<D4>@sIc<D5>g;fHMB<0A>E<
0x01E388	000A	D4 56 63 5C 4A 63 3B 42 47 D5	<D4>Vc\Jc;BG<D5>
0x01E6A8	000A	3F 4D 68 41 D4 59 59 D5 45 68	?MhA<D4>YY<D5>Eh
0x01E723	0100	90 01 20 3B 20 3C 20 3D 20 3E 20 3F 20 40 20 41 20 42 20 43 20 44 0D 20 45 20 46 20 47 20 48 20 49 20 4A 20 4B 20 4C 20 4D 20 4E 0D 20 4F 20 50 20 51 20 52 20 53 20 54 20 55 20 56 20 57 20 58 0D 20 59 20 5A 20 5B 20 5C 20 5D 20 5E 20 5F 20 60 0D 20 61 20 62 20 63 20 64 20 65 20 66 20 67 20 68 0D 20 40 82 20 41 82 20 42 82 20 43 82 20 44 82 20 45 82 20 46 82 20 47 82 20 48 82 20 49 82 0D 20 4A 82 20 4B 82 20 4C 82 20 4D 82 20 4E 82 20 54 82 20 55 82 20 56 82 20 57 82 20 58 82 0D 20 54 83 20 55 83 20 56 83 20 57 83 20 58 83 20 69 20 6A 20 6B 20 6C 20 6D 0D 20 F3 20 FD 20 7D 20 7E 20 7F 20 6E 20 6F 20 70 20 71 20 20 0D 00 03 04 02 7B E9 81 07 15 13 90 01 20 BB 20 BC 20 BD 20 BE 20 BF 20 C0 20 C1 20 C2 20 C3 20 C4 0D 20 C5 20 C6 20 C7 20 C8 20 C9 20 CA 20 CB 20	<90><01> ; < = > ? @ A B C D<0D> E F G H I J K L M N<0D> O P Q R S T U V W X<0D> Y Z [ \ ] ^ _ `<0D> a b c d e f g h<0D> @<82> A<82> B<82> C<82> D<82> E<82> F<82> G<82> H<82> I<82><0D> J<82> K<82> L<82> M<82> N<82> T<82> U<82> V<82> W<82> X<82><0D> T<83> U<83> V<83> W<83> X<83> i j k l m<0D> <F3> <FD> } ~ <7F> n o p q  <0D><00><03><04><02>{<E9><81><07><15><13><90><01> <BB> <BC> <BD> <BE> <BF> <C0> <C1> <C2> <C3> <C4><0D> <C5> <C6> <C7> <C8> <C9> <CA> <CB> 
0x022779	000C	0A 20 73 02 A8 25 D0 BA 47 30 31 81	<0A> s<02><A8>%<D0><BA>G01<81>
0x022C96	000C	0A 20 73 02 A8 25 D0 BA 47 30 31 81	<0A> s<02><A8>%<D0><BA>G01<81>
0x022FE6	0089	A2 53 2A 09 84 4C 16 D1 A9 34 AF CD 2C 93 46 83 4F 11 93 C0 86 A1 27 8B 8A A2 FD 7F 81 E0 B0 71 21 54 6A A8 D0 3C 36 1C 93 34 2A 25 F6 07 7F 24 BC 52 15 0C 84 40 E1 30 C8 5C 55 E2 B0 D4 10 44 23 71 34 10 BC 62 21 1C 0D 32 3F DF E7 20 8E 48 41 2E 10 29 14 72 46 19 71 01 49 23 92 51 4B 8C 08 6A 14 01 CB 8C 0A 07 03 BE 92 5C 80 45 40 34 41 81 20 6F 8B 22 0B E2 4E 41 2D 97 4B CF 2E 80 38 22 22 D3 01 77 4C 59 53	<A2>S*<09><84>L<16><D1><A9>4<AF><CD>,<93>F<83>O<11><93><C0><86><A1>'<8B><8A><A2><FD><7F><81><E0><B0>q!Tj<A8><D0><6<1C><93>4*%<F6><07><7F>$<BC>R<15><0C><84>@<E1>0<C8>\U<E2><B0><D4><10>D#q4<10><BC>b!<1C><0D>2?<DF><E7> <8E>HA.<10>)<14>rF<19>q<01>I#<92>QK<8C><08>j<14><01><CB><8C><0A><07><03><BE><92>\<80>E@4A<81> o<8B>"<0B><E2>NA-<97>K<CF>.<80>8""<D3><01>wLYS
0x0265D6	000F	6E 21 04 A0 28 E2 30 44 3D A6 49 08 56 6A 62	n!<04><A0>(<E2>0D=<A6>I<08>Vjb
0x048578	0016	86 40 8E 58 05 20 2E 8D 20 23 8D C9 00 F0 30 F4 7F 85 0A 90 03 4C	<86>@<8E>X<05> .<8D> #<8D><C9><00><F0>0<F4><7F><85><0A><90><03>L
0x04EE09	005F	02 CB 6B C1 03 15 C7 0D 02 FF DC 06 D6 00 49 68 4F D4 65 44 44 80 99 D5 50 20 80 27 80 14 80 55 53 81 9E 67 80 2D 4C CD 81 3A 81 0A 00 20 55 6E 44 46 4D 41 4A E1 D0 DC 06 D6 00 20 20 20 81 3A 81 0A 53 81 50 54 20 81 9E 53 60 3D 4F CD 20 20 20 80 27 80 14 80 55 50 4F 63 44 4E 0A 6E 4A	<02><CB>k<C1><03><15><C7><0D><02><FF><DC><06><D6><00>IhO<D4>eDD<80><99><D5>P <80>'<80><14><80>US<81><9E>g<80>-L<CD><81>:<81><0A><00> UnDFMAJ<E1><D0><DC><06><D6><00>   <81>:<81><0A>S<81>PT <81><9E>S`=O<CD>   <80>'<80><14><80>UPOcDN<0A>nJ
0x058AF4	0100	D4 18 4A 68 D5 0D CD D4 4B 6F 3C 5B D5 67 4F 61 47 C3 00 68 0A 08 CD CD 81 28 4F 61 20 55 6E 44 46 49 14 0D 3C 3C 40 61 4F 1F C0 D7 80 26 20 81 01 15 50 80 1E 42 81 29 80 FE 46 4D 63 53 CD 3B 6E 4B 80 1E 6E 4D 4D 60 1F C0 D7 44 53 3B 3C 0A 54 20 3B 62 00 4E 3D CD 80 50 4F 81 2A 0A 4E 80 7A 6E 4D 4A 68 0A 43 0E CD 50 3C 4B 6F 68 6E 4D CD 43 6E 44 3D 4A 60 62 50 4F 63 06 6F 68 7D C0 D7 3E 0F 44 53 81 2B 53 80 27 80 14 80 8C 67 81 6C 48 0F CD 5E D4 73 D5 0A 60 CD 0A 6E 4D 20 80 21 81 2D 3C 68 0A 5D 68 1F C0 D7 7E 7E 7E 0A 7E 0A 64 0F C0 D7 3D 7E C9 1E 3D 66 D4 73 D5 68 20 04 5C 68 4F 45 3C 7D CD 5D 3D 20 66 63 45 46 4F 3C 60 6D 6E 7D CD 44 64 5D 20 81 6C 46 59 47 6B 6E 7D 7D D1 20 C2 00 54 20 C3 02 15 6E 42 62 D4 58 73 68 D5 C3 00 67 CD 20 4E 62 40 3E 46 4A 7D	<D4><18>Jh<D5><0D><CD><D4>Ko<[<D5>gOaG<C3><00>h<0A><08><CD><CD><81>(Oa UnDFI<14><0D><<@aO<1F><C0><D7><80>& <81><01><15>P<80><1E>B<81>)<80><FE>FMcS<CD>;nK<80><1E>nMM`<1F><C0><D7>DS;<<0A>T ;b<00>N=<CD><80>PO<81>*<0A>N<80>znMJh<0A>C<0E><CD>P<KohnM<CD>CnD=J`bPOc<06>oh}<C0><D7>><0F>DS<81>+S<80>'<80><14><80><8C>g<81>lH<0F><CD>^<D4>s<D5><0A>`<CD><0A>nM <80>!<81>-<h<0A>]h<1F><C0><D7>~~~<0A>~<0A>d<0F><C0><D7>=~<C9><1E>=f<D4>s<D5>h <04>\hOE<}<CD>]= fcEFO<`mn}<CD>Dd] <81>lFYGkn}}<D1> <C2><00>T <C3><02><15>nBb<D4>Xsh<D5><C3><00>g<CD> Nb@>FJ}
0x0591F3	0100	C5 92 02 1C 02 02 06 92 6B 02 1D CF 93 6B 02 1D F4 92 6B 11 92 0C 92 11 92 02 1D 2A 93 6B 02 1D A1 93 6B D7 58 3F 20 C9 1E 18 3D 5E 00 20 D4 3B 41 54 14 61 D5 45 68 53 CD 80 E3 81 02 45 68 40 52 0F CD D4 3B 41 54 14 61 D5 45 68 5D 20 81 34 80 01 54 CD 44 53 80 99 50 20 80 DD 68 0D 3F 6E 4A 68 0A 60 D1 4F 68 0D 5D 20 80 27 80 14 4E 40 50 81 12 81 13 46 4D CD 80 43 45 66 01 50 4F 6E 4A 44 4E 00 3B 6E 4D 4F CD C9 1E 49 64 40 61 20 80 99 40 61 54 4F 64 4A 80 3B 50 CD 3D 4C 62 4F 45 6E 4A 60 3D 0A 00 4F 1F C0 D7 59 3B 20 81 35 3C 3D 4B 54 CD 81 12 81 13 67 3F 49 64 07 50 20 3C 65 3C 65 4E CD 5E 6E 4D 5A 63 44 4E 06 6F 60 1F C0 D7 3C 3C 80 88 80 89 06 6F 53 3F 20 18 3D 5E CD 80 52 0D 5D 46 4D 3C 40 68 40 52 0F CD 20 3D 68 20 80 52 49 3D CD 20 80 26 54 20 3C 3C 60	<C5><92><02><1C><02><02><06><92>k<02><1D><CF><93>k<02><1D><F4><92>k<11><92><0C><92><11><92><02><1D>*<93>k<02><1D><A1><93>k<D7>X? <C9><1E><18>=^<00> <D4>;AT<14>a<D5>EhS<CD><80><E3><81><02>Eh@R<0F><CD><D4>;AT<14>a<D5>Eh] <81>4<80><01>T<CD>DS<80><99>P <80><DD>h<0D>?nJh<0A>`<D1>Oh<0D>] <80>'<80><14>N@P<81><12><81><13>FM<CD><80>CEf<01>POnJDN<00>;nMO<CD><C9><1E>Id@a <80><99>@aTOdJ<80>;P<CD>=LbOEnJ`=<0A><00>O<1F><C0><D7>Y; <81>5<=KT<CD><81><12><81><13>g?Id<07>P <e<eN<CD>^nMZcDN<06>o`<1F><C0><D7><<<80><88><80><89><06>oS? <18>=^<CD><80>R<0D>]FM<@h@R<0F><CD> =h <80>RI=<CD> <80>&T <<`
0x05AC0D	0100	3D 40 20 81 50 67 80 54 4D 3C 4A 68 0A 4F CD C9 1E 44 44 54 20 3F 59 3E 53 80 55 0A 60 D1 3F 18 3E 4D 63 40 0F CD C9 28 4E 3D 45 68 54 20 D4 47 3C 6E 4B D5 00 3F 45 64 4A 61 CD 80 0A 80 6E 00 20 80 4C 81 61 47 63 60 3D 50 CD D4 64 73 05 73 80 0D 80 84 D5 67 20 81 6A 81 6B 46 4A 68 0A D1 49 64 0D 80 0A 80 6E 00 20 81 61 80 27 46 4D 7E 7E 7E CD C9 28 3F 59 3E 54 20 80 0A 80 6E 53 D4 00 64 41 D5 53 80 1C 0D CD 4A 3F 64 4D 3C 4A 68 0A 60 CD C9 28 81 48 80 56 0D 20 80 D9 81 15 50 60 40 6E 4A D1 3E 0F C9 3C E0 00 0F CD C9 1E 81 11 80 E6 46 4F 45 3C 20 D4 00 64 41 D5 53 80 1C 40 61 CD 4B 6F 68 4E 20 55 65 6E 4D 3F 3C 4A 60 CD C9 1E 49 53 44 4E 54 20 80 26 80 EE 5F 6E 42 62 80 52 49 3D 4F 1F C0 D7 20 C2 00 54 CD C3 02 20 80 75 74 C3 00 67 20 80 36 50 80 31 64 4A 7D	=@ <81>Pg<80>TM<Jh<0A>O<CD><C9><1E>DDT ?Y>S<80>U<0A>`<D1>?<18>>Mc@<0F><CD><C9>(N=EhT <D4>G<nK<D5><00>?EdJa<CD><80><0A><80>n<00> <80>L<81>aGc`=P<CD><D4>ds<05>s<80><0D><80><84><D5>g <81>j<81>kFJh<0A><D1>Id<0D><80><0A><80>n<00> <81>a<80>'FM~~~<CD><C9>(?Y>T <80><0A><80>nS<D4><00>dA<D5>S<80><1C><0D><CD>J?dM<Jh<0A>`<CD><C9>(<81>H<80>V<0D> <80><D9><81><15>P`@nJ<D1>><0F><C9><<E0><00><0F><CD><C9><1E><81><11><80><E6>FOE< <D4><00>dA<D5>S<80><1C>@a<CD>KohN UenM?<J`<CD><C9><1E>ISDNT <80>&<80><EE>_nBb<80>RI=O<1F><C0><D7> <C2><00>T<CD><C3><02> <80>ut<C3><00>g <80>6P<80>1dJ}
0x05AD0E	00DB	D7 4F 68 0A 20 80 2D 4B 80 6D 00 3C 6E 19 3C 4F 53 40 0F CD 06 6F 3B 20 44 64 54 3B 07 40 6E 4D 3F 42 09 CD C9 1E 81 3A 46 80 2D 4B 80 6D 67 20 81 78 0C 43 4A 61 0E 3D 0A 0F C0 D7 E0 02 3F 3C 3F 3C 20 81 53 41 4A 62 46 4D CD 80 D9 81 15 50 20 5D 3D 81 44 80 89 4F 53 40 0F CD C9 1E 59 0A 20 81 48 80 CA 46 4B 6F 3C 40 68 09 1F C0 D7 E0 02 C2 00 C9 1E 20 80 D9 81 15 50 81 44 80 89 4F 53 40 0F CD C9 28 49 64 4F 61 20 80 4C 81 6E 50 46 4D 3C 3C 00 CD 3B 59 62 20 81 48 80 CA 54 47 63 68 06 6F 4F 3C 09 1F C0 D7 E0 02 3F 59 3E 20 3B 53 80 46 4A 4B 53 80 52 67 0E 3D 80 7A 3D 0F CD 20 80 3D 06 4D 20 3C 3C 4E 80 7A 3D CD 20 4F 68 40 20 3B 5E 46 3C 4E 80 7A 3D	<D7>Oh<0A> <80>-K<80>m<00><n<19><OS@<0F><CD><06>o; DdT;<07>@nM?B<09><CD><C9><1E><81>:F<80>-K<80>mg <81>x<0C>CJa<0E>=<0A><0F><C0><D7><E0><02>?<?< <81>SAJbFM<CD><80><D9><81><15>P ]=<81>D<80><89>OS@<0F><CD><C9><1E>Y<0A> <81>H<80><CA>FKo<@h<09><1F><C0><D7><E0><02><C2><00><C9><1E> <80><D9><81><15>P<81>D<80><89>OS@<0F><CD><C9>(IdOa <80>L<81>nPFM<<<00><CD>;Yb <81>H<80><CA>TGch<06>oO<<09><1F><C0><D7><E0><02>?Y> ;S<80>FJKS<80>Rg<0E>=<80>z=<0F><CD> <80>=<06>M <<N<80>z=<CD> Oh@ ;^F<N<80>z=
0x05AE85	0100	81 21 46 42 80 08 6E 4D 42 64 63 0A 65 3D 1F DE D7 E0 02 4E 3D 45 68 00 81 10 3D 53 5D 20 4F 68 0A 43 0E 4F CD 3F 59 3E 20 C9 1E 44 44 46 14 61 42 0D CD 07 3C 16 68 80 43 41 42 4F 6E 4A 68 06 6F 4F 3C 40 0F D1 3C 5E 49 53 20 C9 1E 80 1F 53 81 6F 45 06 6F 4F 3C 09 7E 7E 7E CD C9 3C 4E 50 40 42 20 C9 1E E0 00 54 59 40 48 4A CD 3B 53 80 46 4A 4B 53 4A 5C 50 80 F6 80 F9 4D 4A 3C 4F 61 CD 49 3D 46 4D 3B 03 4F 45 3C 1F C0 D7 E0 02 80 2D 4B 80 6D 00 20 3C 6E 19 3C 4F 68 0A 65 3D 0F CD 58 61 20 59 3B 20 4E 50 40 42 CD 81 78 0C 43 4A 61 20 0E 3D 0A 0F C0 D7 20 C2 00 54 CD C3 02 20 80 75 74 C3 00 67 20 80 36 50 80 31 64 4A 7D D1 20 C2 00 54 CD C3 02 20 80 75 75 C3 00 67 20 80 36 50 80 31 64 4A 7D D1 20 C2 00 54 CD C3 02 20 80 75 76 C3 00 67 20 80 36 50 80 31 64 4A 7D	<81>!FB<80><08>nMBdc<0A>e=<1F><DE><D7><E0><02>N=Eh<00><81><10>=S] Oh<0A>C<0E>O<CD>?Y> <C9><1E>DDF<14>aB<0D><CD><07><<16>h<80>CABOnJh<06>oO<@<0F><D1><^IS <C9><1E><80><1F>S<81>oE<06>oO<<09>~~~<CD><C9><NP@B <C9><1E><E0><00>TY@HJ<CD>;S<80>FJKSJ\P<80><F6><80><F9>MJ<Oa<CD>I=FM;<03>OE<<1F><C0><D7><E0><02><80>-K<80>m<00> <n<19><Oh<0A>e=<0F><CD>Xa Y; NP@B<CD><81>x<0C>CJa <0E>=<0A><0F><C0><D7> <C2><00>T<CD><C3><02> <80>ut<C3><00>g <80>6P<80>1dJ}<D1> <C2><00>T<CD><C3><02> <80>uu<C3><00>g <80>6P<80>1dJ}<D1> <C2><00>T<CD><C3><02> <80>uv<C3><00>g <80>6P<80>1dJ}
0x05B2F3	00B7	20 80 09 80 0A 4E 4F 63 53 0D 47 D1 E0 02 3D 5B 7E 7E 7E CD C9 1E 3C 41 4F 62 20 80 3D 06 61 64 63 80 52 0D 54 4F 3C 4F D1 E0 15 04 5D 6E 4E 5D 0D 04 05 3C 59 47 CD 0D 47 40 61 20 4E 62 3B 3E 07 54 CD 44 64 67 20 3F 66 4A 46 46 4D 3F 41 59 47 D1 5D 46 20 04 81 05 80 32 3C 4A 0A 43 63 53 0D 46 4A 61 CD 44 64 67 20 3F 80 08 3C 42 0A 45 3C CD 44 64 54 20 D4 46 71 44 61 80 6B D5 50 3B 4F 4A 80 BF 67 CD 04 81 55 81 56 3C 4A 46 59 47 20 80 68 80 6D 0D 04 05 3C 59 47 DE D7 20 C2 00 54 CD C3 02 20 80 69 80 6A 80 C2 C3 00 67 20 80 36 50 80 31 64 4A 7D	 <80><09><80><0A>NOcS<0D>G<D1><E0><02>=[~~~<CD><C9><1E><AOb <80>=<06>adc<80>R<0D>TO<O<D1><E0><15><04>]nN]<0D><04><05><YG<CD><0D>G@a Nb;><07>T<CD>Ddg ?fJFFM?AYG<D1>]F <04><81><05><80>2<J<0A>CcS<0D>FJa<CD>Ddg ?<80><08><B<0A>E<<CD>DdT <D4>FqDa<80>k<D5>P;OJ<80><BF>g<CD><04><81>U<81>V<JFYG <80>h<80>m<0D><04><05><YG<DE><D7> <C2><00>T<CD><C3><02> <80>i<80>j<80><C2><C3><00>g <80>6P<80>1dJ}
0x05C014	0100	3C 81 7E 45 68 00 20 3F 60 5C 45 68 50 CD 41 4D 42 64 63 4F 68 4D 20 3D 64 46 42 4D 52 CD 80 82 80 D0 41 54 20 46 4D 5A 63 5D 68 0A 60 1F C0 D7 81 22 53 80 C9 81 02 00 20 80 42 42 4D 52 3E 7E 7E 7E CD 3F 80 36 81 1B 3C 45 68 0D 5D 3C 64 14 CD 80 9A 40 63 68 0A 43 0E 52 3E 7E 7E 7E 1F C0 D7 55 7E C9 1E 55 6F 3B 6E CD C9 1E 4F 68 0A 3C 20 49 53 20 80 43 41 3C 53 54 0F 7D CD C9 1E 3E 0F C9 1E 3F 80 36 81 1B 3C 67 47 63 20 65 18 6E 4E 0F CD C9 14 49 3D 40 3C 20 3C 3C 81 02 4F 68 0A 52 3E D1 3B 4A 46 5D 81 1D 80 F1 20 81 22 53 80 C9 81 02 00 CD 60 42 4F 42 6E 4D 52 3E 7E 7E 7E D1 49 3D 3C 3D 20 54 4A 61 41 5D 53 00 CD 3C 4D 42 64 64 14 20 80 9A 40 63 68 0A 43 0E 52 3E CD 20 3F 14 3B 45 68 50 80 5C 46 4D 3B 03 59 47 CD 20 81 85 53 80 1C 3D 59 42 54 3C 41 59 48 68	<<81>~Eh<00> ?`\EhP<CD>AMBdcOhM =dFBMR<CD><80><82><80><D0>AT FMZc]h<0A>`<1F><C0><D7><81>"S<80><C9><81><02><00> <80>BBMR>~~~<CD>?<80>6<81><1B><Eh<0D>]<d<14><CD><80><9A>@ch<0A>C<0E>R>~~~<1F><C0><D7>U~<C9><1E>Uo;n<CD><C9><1E>Oh<0A>< IS <80>CA<ST<0F>}<CD><C9><1E>><0F><C9><1E>?<80>6<81><1B><gGc e<18>nN<0F><CD><C9><14>I=@< <<<81><02>Oh<0A>R><D1>;JF]<81><1D><80><F1> <81>"S<80><C9><81><02><00><CD>`BOBnMR>~~~<D1>I=<= TJaA]S<00><CD><MBdd<14> <80><9A>@ch<0A>C<0E>R><CD> ?<14>;EhP<80>\FM;<03>YG<CD> <81><85>S<80><1C>=YBT<AYHh
0x05EC6C	0100	3F 3C 4D CD 80 C9 81 02 3C 3C 44 4E 81 10 6E 4D 63 60 7D C0 D7 E0 07 3F 59 3E 20 66 05 66 05 4D 00 5A 67 CD 4E 0E 43 63 4A 5C 20 5D 0E 6E 4D 41 4A 53 40 0F D1 3F 59 3E 53 60 3D 4F 5E 4C 67 CD C3 03 3F 55 4E 60 46 20 C3 00 6E 4D 81 10 3D 68 0A 08 1F C0 D7 E0 07 4F 68 0A 60 20 3F 80 01 CD 81 7D 80 36 50 20 80 46 53 80 55 53 80 1C 50 CD 80 31 6E 4D 42 63 4F 60 1F C0 D7 E0 07 3D 4B 53 20 40 3B 4B 6F 68 4F 61 CD 80 99 80 82 80 D1 53 20 80 D2 80 D3 50 3C 63 60 CD 80 6C 00 3B 63 4F 61 5B 44 3D 50 80 1E 43 60 1F C0 D7 E0 07 3F 3C 6E 7D 4B 71 6E 4E 59 4D 60 7D C0 D7 E0 07 4D 41 4E 3D 4F 20 80 76 00 4F 40 6E 4A 40 61 CD 44 64 50 20 80 38 3C 4A 7D CD 44 64 67 3F 5E 06 50 20 66 4A 46 4D 42 64 7D D1 20 C2 00 54 CD C3 02 20 80 75 80 77 C3 00 67 20 80 D2 43 81 18 6E 4A 7D	?<M<CD><80><C9><81><02><<DN<81><10>nMc`}<C0><D7><E0><07>?Y> f<05>f<05>M<00>Zg<CD>N<0E>CcJ\ ]<0E>nMAJS@<0F><D1>?Y>S`=O^Lg<CD><C3><03>?UN`F <C3><00>nM<81><10>=h<0A><08><1F><C0><D7><E0><07>Oh<0A>` ?<80><01><CD><81>}<80>6P <80>FS<80>US<80><1C>P<CD><80>1nMBcO`<1F><C0><D7><E0><07>=KS @;KohOa<CD><80><99><80><82><80><D1>S <80><D2><80><D3>P<c`<CD><80>l<00>;cOa[D=P<80><1E>C`<1F><C0><D7><E0><07>?<n}KqnNYM`}<C0><D7><E0><07>MAN=O <80>v<00>O@nJ@a<CD>DdP <80>8<J}<CD>Ddg?^<06>P fJFMBd}<D1> <C2><00>T<CD><C3><02> <80>u<80>w<C3><00>g <80><D2>C<81><18>nJ}
0x05EF16	0100	61 3D 60 CD 3F 80 01 53 20 3F 5E 06 50 54 CD 3C 4C 5D 20 81 85 80 52 50 4F 6E 4D 63 46 4F 1F C0 D7 D4 3B 41 54 14 61 D5 53 80 E3 81 02 06 6F 52 3E 40 CD 4F 50 0F C9 1E 80 27 80 14 00 46 4A 3C 0A 4E 0F CD C9 1E 49 62 6F 3B 3F 80 01 20 40 68 4A 68 50 54 CD 0D 41 52 3E 09 D1 3F 80 01 53 20 3F 5E 06 0A 6E 4D CD 80 D9 67 81 5D 68 0A 62 20 81 8B 3E 44 68 0A 62 46 4D CD 80 27 80 14 80 8C 67 80 23 6E 4D 3C 4A 5D 68 45 D1 49 3D 3C 5E 3B 20 C3 02 80 03 80 2B C3 00 4E 40 81 10 6E 4D CD 3D 4B 53 20 D4 00 61 42 4A D5 67 80 2D 6E 4D 3C 6E 4D CD 80 EA 40 20 80 23 6E 4D 3C 4A 44 4E 5D 3B 6E 4A 4F 3B D1 D4 00 61 42 4A D5 4F 61 20 81 B7 50 44 65 00 6E 4D 63 60 CD 80 2D 6E 4D 80 1E 42 40 3C 0F CD 20 3D 68 7D 80 2D 6E 4D 3C 42 7D CD 20 80 26 80 59 53 80 3B 54 20 5E 5C 4D 3F 42	a=`<CD>?<80><01>S ?^<06>PT<CD><L] <81><85><80>RPOnMcFO<1F><C0><D7><D4>;AT<14>a<D5>S<80><E3><81><02><06>oR>@<CD>OP<0F><C9><1E><80>'<80><14><00>FJ<<0A>N<0F><CD><C9><1E>Ibo;?<80><01> @hJhPT<CD><0D>AR><09><D1>?<80><01>S ?^<06><0A>nM<CD><80><D9>g<81>]h<0A>b <81><8B>>Dh<0A>bFM<CD><80>'<80><14><80><8C>g<80>#nM<J]hE<D1>I=<^; <C3><02><80><03><80>+<C3><00>N@<81><10>nM<CD>=KS <D4><00>aBJ<D5>g<80>-nM<nM<CD><80><EA>@ <80>#nM<JDN];nJO;<D1><D4><00>aBJ<D5>Oa <81><B7>PDe<00>nMc`<CD><80>-nM<80><1E>B@<<0F><CD> =h}<80>-nM<B}<CD> <80>&<80>YS<80>;T ^\M?B
0x05F017	0088	D0 49 64 06 6F 3B 20 80 F0 53 81 B7 50 80 31 62 4F CD 81 B7 50 20 75 4C D4 40 1B 48 63 D5 00 3B 63 40 61 CD 81 B8 81 04 20 80 2D 6E 4D 3C 6E 4D 3C 3C 09 1F C0 D0 49 3D 40 3C 20 49 3D 40 3C CD 59 3B 20 80 89 00 5B 3C 4A 61 CD 3C 4C 0D 5D 20 81 10 6E 4D 42 64 1F C0 D7 D4 3B 41 54 14 61 D5 53 80 E3 81 02 06 6F 52 3E 40 CD 80 EA 40 80 6C 40 0F CD 20 80 8C 80 6D 67 80 11 3C 50 80 10 4A CD 20 81 B9 6E 4A 0A 43	<D0>Id<06>o; <80><F0>S<81><B7>P<80>1bO<CD><81><B7>P uL<D4>@<1B>Hc<D5><00>;c@a<CD><81><B8><81><04> <80>-nM<nM<<<09><1F><C0><D0>I=@< I=@<<CD>Y; <80><89><00>[<Ja<CD><L<0D>] <81><10>nMBd<1F><C0><D7><D4>;AT<14>a<D5>S<80><E3><81><02><06>oR>@<CD><80><EA>@<80>l@<0F><CD> <80><8C><80>mg<80><11><P<80><10>J<CD> <81><B9>nJ<0A>C
0x05F0CB	0050	D7 80 26 80 59 54 20 3B 4C 3C 40 61 45 3B CD 80 F0 67 20 80 E2 5A 50 46 4A 68 0A 60 CD 48 6E 40 42 80 10 4A 53 50 20 47 59 4F 3C 52 1F C0 D7 CF 1C F1 85 C0 49 3D 40 3C 20 49 3D 40 3C CD 80 89 00 47 5B 59 0D CD 5F 6E 42 62 46 4D 3C 41 4F 1F	<D7><80>&<80>YT ;L<@aE;<CD><80><F0>g <80><E2>ZPFJh<0A>`<CD>Hn@B<80><10>JSP GYO<R<1F><C0><D7><CF><1C><F1><85><C0>I=@< I=@<<CD><80><89><00>G[Y<0D><CD>_nBbFM<AO<1F>
0x05F11C	002E	4F 68 0A 20 D4 52 07 5A D5 40 CD 66 62 3C 4F 20 3F 64 54 80 46 81 2B 80 BF 4E 46 40 CD 81 BA 80 12 46 4F 3C 20 81 4D 81 BB 4F 68 0A 60 1F	Oh<0A> <D4>R<07>Z<D5>@<CD>fb<O ?dT<80>F<81>+<80><BF>NF@<CD><81><BA><80><12>FO< <81>M<81><BB>Oh<0A>`<1F>
0x05F14B	002D	4F 68 0A 3C 20 18 3D 5E CD 58 46 3C 5D 53 0D 5D 20 3B 63 53 40 3C 0F CD 20 80 8C 80 6D 67 80 11 3C 50 80 10 4A CD 20 81 B9 6E 4A 0A 43	Oh<0A>< <18>=^<CD>XF<]S<0D>] ;cS@<<0F><CD> <80><8C><80>mg<80><11><P<80><10>J<CD> <81><B9>nJ<0A>C
0x0694CD	0100	3B 7E 3C 5E 7E 7E 7E C9 3C 06 6F 20 81 F6 54 80 1E 42 08 CD C9 1E 3B 7E 7E 7E 81 F6 20 C3 02 DC 09 D4 44 4D 4C D5 C3 00 DC 00 6E 4C 3D 68 0A CD C9 3C 59 4A 20 80 D8 3D 44 4E 5D 3B 63 0A 65 D4 73 D5 40 61 CD 4B 6E 4E 54 20 3F 18 3E 4E 3C 4D 42 64 4F 1F C0 D7 60 3D 18 3D 07 CD 3F 80 01 5D 20 4C 40 59 6E 4A 53 0F CD 55 4E 62 0D 20 44 68 4F 80 3B 59 0D CD 42 63 4F 68 4D 20 3C 45 59 46 3C 52 3E D1 59 45 40 80 7A 6E 4D 5D 5A 4F 3C 60 4F CD 0E 3D 42 4C 53 80 1C 50 CD 44 68 4F 20 3D 45 68 42 45 3C 81 2A 61 00 CD 3C 63 4F 68 4D 60 3F D1 3F 64 4F 68 40 45 CD 4B 71 6E 4E 20 04 3B 3C 45 4C 46 4A 61 CD 44 53 D4 05 59 D5 0A 08 0F 4A 59 68 52 3E 60 4F DE D7 4E 44 65 0D 60 3F 20 18 3D 07 CD 4A 53 5A 00 20 3B 63 68 0A 43 0E 45 CD 20 4F 68 0D 46 71 0F CD 20 5E 4F 44 6E 4A 3C	;~<^~~~<C9><<06>o <81><F6>T<80><1E>B<08><CD><C9><1E>;~~~<81><F6> <C3><02><DC><09><D4>DML<D5><C3><00><DC><00>nL=h<0A><CD><C9><YJ <80><D8>=DN];c<0A>e<D4>s<D5>@a<CD>KnNT ?<18>>N<MBdO<1F><C0><D7>`=<18>=<07><CD>?<80><01>] L@YnJS<0F><CD>UNb<0D> DhO<80>;Y<0D><CD>BcOhM <EYF<R><D1>YE@<80>znM]ZO<`O<CD><0E>=BLS<80><1C>P<CD>DhO =EhBE<<81>*a<00><CD><cOhM`?<D1>?dOh@E<CD>KqnN <04>;<ELFJa<CD>DS<D4><05>Y<D5><0A><08><0F>JYhR>`O<DE><D7>NDe<0D>`? <18>=<07><CD>JSZ<00> ;ch<0A>C<0E>E<CD> Oh<0D>Fq<0F><CD> ^ODnJ<
0x0695CE	0061	D0 3B 53 4F 7E 7E 7E CD 44 53 3C 59 3C 59 46 3C 20 81 F7 81 F8 53 CD C3 02 D4 40 01 D5 C3 00 67 20 45 00 46 4D 58 46 3C 68 0A D1 D4 40 50 D5 53 81 96 67 46 4A 81 2A 00 CD 80 2D 6E 4D 63 54 07 4F 68 0A D1 0E 3D 0A CD 45 00 46 4D 41 4D 42 64 63 40 0F CD 20 54 3C 54 3C CD 20 5E 4F 44 6E 4A 3C	<D0>;SO~~~<CD>DS<Y<YF< <81><F7><81><F8>S<CD><C3><02><D4>@<01><D5><C3><00>g E<00>FMXF<h<0A><D1><D4>@P<D5>S<81><96>gFJ<81>*<00><CD><80>-nMcT<07>Oh<0A><D1><0E>=<0A><CD>E<00>FMAMBdc@<0F><CD> T<T<<CD> ^ODnJ<
0x069630	0060	D0 49 D4 73 D5 40 3C 20 49 D4 73 D5 40 3C CD 3F 80 01 5D 20 44 44 40 61 80 45 61 64 63 CD D4 4B 6F 68 47 D5 4F 53 50 4F D4 73 D5 CD 40 66 3C 49 D4 73 D5 50 4F D4 73 D5 1F C0 D7 4F 68 0A 60 CD 80 89 00 40 66 6E 4A 53 40 0F CD 20 59 40 48 4D 4B 71 D4 73 D5 0A 3C CD 20 60 68 0D 5A 4A 0A 43	<D0>I<D4>s<D5>@< I<D4>s<D5>@<<CD>?<80><01>] DD@a<80>Eadc<CD><D4>KohG<D5>OSPO<D4>s<D5><CD>@f<I<D4>s<D5>PO<D4>s<D5><1F><C0><D7>Oh<0A>`<CD><80><89><00>@fnJS@<0F><CD> Y@HMKq<D4>s<D5><0A><<CD> `h<0D>ZJ<0A>C
0x06AB06	0100	14 AB 6B 02 1D BA AC 02 1C 02 02 14 AB 6B 25 AB 1A AB 25 AB 02 1D 07 AC 02 0A 4F 80 4C 8E AA 02 1D 85 AC 02 0A 4E 80 4C A9 AA D7 0E 3D 46 4A 53 0F 81 46 CD 3B 16 4F 3C 66 60 CD 81 1D 80 F1 20 44 66 3C 3F 82 04 45 68 4A 4B 00 CD 3D 65 3D 65 46 4D 63 68 0A 40 61 52 D1 3E 0F 3B 4A 46 0F 3B 4A 46 54 CD 80 43 80 46 0A 40 61 20 81 44 80 89 4F 53 CD C9 1E 58 61 20 D4 14 40 D5 4F 44 4E 81 10 6E 4D 4F 3C 0D CD 81 30 42 80 EF 62 4F 45 3C 60 D1 4F 3B 50 0F C9 1E 59 0A 80 EA 40 80 6C 4F 53 0F CD C9 1E 7E 7E 7E 54 54 69 68 CD C9 1E 45 4D 54 20 55 4E 62 0D 80 EF 63 53 00 CD 44 66 42 4F 6E 4A 68 0D 46 71 0F D1 4F 68 4F 61 20 3C 6E 46 71 50 CD 80 1E 6E 4D 3B 03 4D 5D 3C 3C 66 60 0F CD 20 66 3B 3C 20 3F 52 00 3C 46 59 D4 73 D5 47 CD 20 55 4E 62 0D 80 EF 63 40 61 20 3C 3C 60	<14><AB>k<02><1D><BA><AC><02><1C><02><02><14><AB>k%<AB><1A><AB>%<AB><02><1D><07><AC><02><0A>O<80>L<8E><AA><02><1D><85><AC><02><0A>N<80>L<A9><AA><D7><0E>=FJS<0F><81>F<CD>;<16>O<f`<CD><81><1D><80><F1> Df<?<82><04>EhJK<00><CD>=e=eFMch<0A>@aR<D1>><0F>;JF<0F>;JFT<CD><80>C<80>F<0A>@a <81>D<80><89>OS<CD><C9><1E>Xa <D4><14>@<D5>ODN<81><10>nMO<<0D><CD><81>0B<80><EF>bOE<`<D1>O;P<0F><C9><1E>Y<0A><80><EA>@<80>lOS<0F><CD><C9><1E>~~~TTih<CD><C9><1E>EMT UNb<0D><80><EF>cS<00><CD>DfBOnJh<0D>Fq<0F><D1>OhOa <nFqP<CD><80><1E>nM;<03>M]<<f`<0F><CD> f;< ?R<00><FY<D4>s<D5>G<CD> UNb<0D><80><EF>c@a <<`
0x06AC22	0100	CD C3 02 D4 65 44 44 80 99 D5 53 20 80 56 81 24 81 25 81 26 C3 00 60 CD C9 1E 4E 62 3B 3E 07 20 60 65 46 42 52 7D D1 06 6F 3B 20 3B 4A 46 54 81 33 65 40 61 CD 4C 3C 4D 3C 6E 4D 3B 03 63 40 61 CD 81 46 00 20 80 BD 50 80 63 41 4F 45 3C CD C9 1E 7E 7E 7E 4F 50 60 C9 1E 20 82 05 82 06 3B 63 53 0F C0 D0 5B 6E 7D 40 66 3C 42 4F 3C 53 6E 7D CD 80 46 53 81 0B 80 48 67 81 48 50 47 63 4E CD 65 42 4F 80 43 80 46 50 4F 61 4F 3C 66 60 6E CD C9 3C 1B 68 0A 6E 7D C0 D7 80 EA 60 20 59 4A 20 41 5A 6A 0F CD 80 6C 00 3B 63 4F 61 CD 54 6E 41 62 20 81 10 3C 4F 45 3C 60 CD 81 3E 53 81 02 0D 46 71 7D 0F D1 3C 6E 46 71 50 80 1E 6E 4D 58 46 3C 4F 61 CD 47 4F 3F 50 20 81 10 3E 14 3C 3C 53 60 7D CD 20 3C 6E 46 71 50 20 80 1E 41 59 46 71 3D CD 20 55 4E 62 0D 80 EF 63 40 61 20 3C 3C 60	<CD><C3><02><D4>eDD<80><99><D5>S <80>V<81>$<81>%<81>&<C3><00>`<CD><C9><1E>Nb;><07> `eFBR}<D1><06>o; ;JFT<81>3e@a<CD>L<M<nM;<03>c@a<CD><81>F<00> <80><BD>P<80>cAOE<<CD><C9><1E>~~~OP`<C9><1E> <82><05><82><06>;cS<0F><C0><D0>[n}@f<BO<Sn}<CD><80>FS<81><0B><80>Hg<81>HPGcN<CD>eBO<80>C<80>FPOaO<f`n<CD><C9><<1B>h<0A>n}<C0><D7><80><EA>` YJ AZj<0F><CD><80>l<00>;cOa<CD>TnAb <81><10><OE<`<CD><81>>S<81><02><0D>Fq}<0F><D1><nFqP<80><1E>nMXF<Oa<CD>GO?P <81><10>><14><<S`}<CD> <nFqP <80><1E>AYFq=<CD> UNb<0D><80><EF>c@a <<`
0x06BA8D	00CC	20 40 42 45 64 4D 3C 63 CD 80 46 82 09 6E 4D 81 10 3D 53 54 7E 7E 7E 1F C0 D8 C3 03 3D 56 56 56 CD 40 66 3C 3C 20 3F D4 14 40 D5 45 68 52 CD 49 68 4F 50 20 40 68 4A 68 50 54 3C 40 4F 3C 66 60 D1 D4 3B 4A 46 D5 53 81 22 50 40 42 45 64 4A 20 80 75 54 52 CD 80 46 82 09 53 D4 3B 4A 46 D5 50 CD 80 60 80 7A 80 7B 4F 20 80 32 67 42 64 4A 53 60 CD D4 3B 4F 4A D5 50 4F 68 40 20 3B 03 61 64 4F 3C 66 D1 46 14 61 42 20 49 3D 46 4D 4F 45 3C CD 81 33 0D 20 D4 3B 4A 46 D5 4A 4B 53 CD 81 80 81 2B 50 20 82 0D 3E 4D 3B 03 63 66 52 1F C3 00 C0 05 00 68 00 20 02 C5 30 02 CB 02 0B 07 80 4F BB 6B 02 05 1E 00 A9 00 20 04 06 02	 @BEdM<c<CD><80>F<82><09>nM<81><10>=ST~~~<1F><C0><D8><C3><03>=VVV<CD>@f<< ?<D4><14>@<D5>EhR<CD>IhOP @hJhPT<@O<f`<D1><D4>;JF<D5>S<81>"P@BEdJ <80>uTR<CD><80>F<82><09>S<D4>;JF<D5>P<CD><80>`<80>z<80>{O <80>2gBdJS`<CD><D4>;OJ<D5>POh@ ;<03>adO<f<D1>F<14>aB I=FMOE<<CD><81>3<0D> <D4>;JF<D5>JKS<CD><81><80><81>+P <82><0D>>M;<03>cfR<1F><C3><00><C0><05><00>h<00> <02><C5>0<02><CB><02><0B><07><80>O<BB>k<02><05><1E><00><A9><00> <04><06><02>
0x06C830	0100	54 CD 49 64 67 20 45 00 46 4D 3C 4A 61 46 3C 53 0A 00 CD 0E 3D 5D D4 54 6E 40 73 D5 53 81 2A 61 5D 20 49 64 67 CD 45 00 46 4D 3C 63 3C 3D 80 52 67 20 81 41 3C 4D 4F D1 81 46 53 4E 3D 45 68 53 80 52 54 20 59 4A 81 33 0A CD 80 26 54 20 E0 00 67 45 00 45 52 14 CD D4 54 6E 40 73 D5 50 20 80 BD 67 44 45 64 4D 46 59 3D CD 45 3B 20 81 30 42 7E 7E 7E DE D7 CD 3B 7E 7E 7E 3C 4A 4A 4A 7E 7E 7E 1F C0 D7 E0 0F 0E 7E 0E 3D 5D 59 0A 20 44 46 00 7E 7E 7E CD C9 28 C2 00 42 68 CD 66 46 50 40 59 66 07 20 80 BD 50 80 1E 6E 4D 42 64 DE D7 49 3D 0A 20 44 64 67 66 4A 46 4D 3F 44 3D CD C3 02 D4 61 3C 4E D5 C3 00 0A CD 44 64 00 3B 64 14 20 82 11 3C 80 3B 67 80 63 42 53 5D CD 80 9C 50 4F 63 0A 65 3D 1F DE D7 20 C2 00 54 CD C3 02 20 D4 61 3C 4E D5 C3 00 67 20 80 36 50 80 31 64 4A 7D	T<CD>Idg E<00>FM<JaF<S<0A><00><CD><0E>=]<D4>Tn@s<D5>S<81>*a] Idg<CD>E<00>FM<c<=<80>Rg <81>A<MO<D1><81>FSN=EhS<80>RT YJ<81>3<0A><CD><80>&T <E0><00>gE<00>ER<14><CD><D4>Tn@s<D5>P <80><BD>gDEdMFY=<CD>E; <81>0B~~~<DE><D7><CD>;~~~<JJJ~~~<1F><C0><D7><E0><0F><0E>~<0E>=]Y<0A> DF<00>~~~<CD><C9>(<C2><00>Bh<CD>fFP@Yf<07> <80><BD>P<80><1E>nMBd<DE><D7>I=<0A> DdgfJFM?D=<CD><C3><02><D4>a<N<D5><C3><00><0A><CD>Dd<00>;d<14> <82><11><<80>;g<80>cBS]<CD><80><9C>POc<0A>e=<1F><DE><D7> <C2><00>T<CD><C3><02> <D4>a<N<D5><C3><00>g <80>6P<80>1dJ}
0x06E4E8	0049	80 31 62 44 5A CD 81 37 6E 4D 3F 63 53 0A D1 44 53 80 79 80 A4 53 80 1C 53 20 C3 02 81 2D 41 59 5D 53 C3 00 67 CD 81 C9 64 45 6E 4D 54 20 42 64 51 0A 65 3D 40 0F CD 20 3F 5E 47 3C 04 80 6C 0D 47 CD 20 5E 4F 44 6E 4A 3C	<80>1bDZ<CD><81>7nM?cS<0A><D1>DS<80>y<80><A4>S<80><1C>S <C3><02><81>-AY]S<C3><00>g<CD><81><C9>dEnMT BdQ<0A>e=@<0F><CD> ?^G<<04><80>l<0D>G<CD> ^ODnJ<
0x06EE1F	0100	40 4F 0F D1 E0 08 3C 7E 82 2A 3C 80 8F 6E 4D 81 10 3D 53 54 7E 7E 7E CD C9 3C DC 07 7E 7E 7E 7E 7E 7E 7E 7E 7E 7E 7E 7E 7E 7E 7E 7E CD C9 1E 7E 7E 7E 14 7E C9 1E DC 00 14 40 50 46 4D 63 0A 65 3D 6E 7D DE D7 CD 68 6E 0F C9 1E 4F 68 0A 20 3F 80 01 54 6E 7D C0 D7 E0 08 3B 5E 46 3C 81 2A 5C 6E 7D CD C9 1E 3F 80 01 40 61 20 80 BD 50 82 2A 3C 80 8F 80 54 48 4D 5E 63 CD 58 68 4E 50 58 68 4E 50 20 82 2A 3C 40 61 4F 6E 7D C0 D7 E0 08 55 D4 73 D5 6E 20 3F 5A 49 64 46 59 46 4A 6E 7D CD 4A 46 40 50 20 82 2A 3C 80 8F 80 54 59 46 4A 3B 6E 7D CD 81 3C 14 40 62 54 20 3F 80 9A 43 67 D4 73 D5 6E D1 4F 68 0D 5D 20 3F 80 52 46 46 59 47 40 61 CD 5F 63 46 4D 42 0A 45 3C 6E 7D CD 20 81 46 4A 4B 53 20 80 8F 81 1F 54 4F 68 0A 7D 0F CD 20 81 3E 54 20 0A 59 6E 4D 80 54 53 00 47 53 45	@O<0F><D1><E0><08><~<82>*<<80><8F>nM<81><10>=ST~~~<CD><C9><<DC><07>~~~~~~~~~~~~~~~~<CD><C9><1E>~~~<14>~<C9><1E><DC><00><14>@PFMc<0A>e=n}<DE><D7><CD>hn<0F><C9><1E>Oh<0A> ?<80><01>Tn}<C0><D7><E0><08>;^F<<81>*\n}<CD><C9><1E>?<80><01>@a <80><BD>P<82>*<<80><8F><80>THM^c<CD>XhNPXhNP <82>*<@aOn}<C0><D7><E0><08>U<D4>s<D5>n ?ZIdFYFJn}<CD>JF@P <82>*<<80><8F><80>TYFJ;n}<CD><81><<14>@bT ?<80><9A>Cg<D4>s<D5>n<D1>Oh<0D>] ?<80>RFFYG@a<CD>_cFMB<0A>E<n}<CD> <81>FJKS <80><8F><81><1F>TOh<0A>}<0F><CD> <81>>T <0A>YnM<80>TS<00>GSE
0x06F92D	000A	20 20 20 D4 65 44 44 80 99 D5	   <D4>eDD<80><99><D5>
0x06F955	000C	20 D4 44 6E 40 73 D5 45 68 53 80 55	 <D4>Dn@s<D5>EhS<80>U
0x06F962	000D	20 D4 47 4D 61 D5 3F 14 45 68 53 80 55	 <D4>GMa<D5>?<14>EhS<80>U
0x06F979	000A	20 20 D4 40 73 63 D5 53 80 55	  <D4>@sc<D5>S<80>U
0x06F98E	000C	20 20 80 A5 80 A6 80 A7 80 31 80 A8	  <80><A5><80><A6><80><A7><80>1<80><A8>
0x06F9A5	000C	20 20 D4 65 44 44 80 99 D5 53 80 A9	  <D4>eDD<80><99><D5>S<80><A9>
0x06F9B2	000E	20 D4 56 61 18 53 80 AA 80 AB D5 53 80 55	 <D4>Va<18>S<80><AA><80><AB><D5>S<80>U
0x06F9C1	000B	20 20 80 AC 80 AD 45 68 53 80 55	  <80><AC><80><AD>EhS<80>U
0x06F9DC	000A	20 20 0E 3D 42 4C 80 31 80 A8	  <0E>=BL<80>1<80><A8>
0x06F9EF	000F	20 D4 54 6E 40 73 80 B0 80 65 80 31 80 A8 D5	 <D4>Tn@s<80><B0><80>e<80>1<80><A8><D5>
0x06FA08	000D	20 D4 4E 65 6E 44 80 B1 80 B2 80 18 D5	 <D4>NenD<80><B1><80><B2><80><18><D5>
0x06FA33	000C	20 20 80 B7 3C 53 80 5D 80 31 80 A8	  <80><B7><S<80>]<80>1<80><A8>
0x06FA54	000C	20 80 B8 80 B9 5E 46 41 80 31 80 A8	 <80><B8><80><B9>^FA<80>1<80><A8>
0x06FA73	000A	20 20 20 20 80 65 80 A5 80 A0	    <80>e<80><A5><80><A0>
0x06FA7E	000A	20 20 20 20 80 87 80 04 80 BC	    <80><87><80><04><80><BC>
0x06FA89	000C	20 20 80 87 80 04 80 BC 80 31 80 A8	  <80><87><80><04><80><BC><80>1<80><A8>
0x06FA96	000C	20 04 80 BD 80 BE 80 BF 53 3F 80 C0	 <04><80><BD><80><BE><80><BF>S?<80><C0>
0x06FAA3	000A	20 20 50 66 4E 62 80 C1 80 18	  PfNb<80><C1><80><18>
0x06FAB8	000A	20 20 20 80 C4 80 C5 53 80 81	   <80><C4><80><C5>S<80><81>
0x06FAC3	000A	20 20 20 80 81 80 82 53 80 55	   <80><81><80><82>S<80>U
0x06FAD7	000A	20 20 41 4E 3D 80 AD 53 80 55	  AN=<80><AD>S<80>U
0x06FAEB	0010	20 D4 14 3C 3F 80 39 80 3A 80 3B 80 31 80 A8 D5	 <D4><14><?<80>9<80>:<80>;<80>1<80><A8><D5>
0x06FAFC	000E	20 20 20 D4 14 3C 3F 80 39 80 3A 80 3B D5	   <D4><14><?<80>9<80>:<80>;<D5>
0x06FB0B	000D	20 20 20 80 39 80 3A 80 3B 80 82 80 A0	   <80>9<80>:<80>;<80><82><80><A0>
0x06FB2C	000C	20 20 80 39 80 3A 80 9F 80 27 80 A0	  <80>9<80>:<80><9F><80>'<80><A0>
0x06FB39	000C	20 20 80 CD 80 C4 80 39 80 3A 80 3B	  <80><CD><80><C4><80>9<80>:<80>;
0x06FB67	000A	20 20 80 CD 80 C4 53 3C 62 3E	  <80><CD><80><C4>S<b>
0x06FB7A	000E	20 20 80 65 80 CF 80 27 80 D0 80 0D 80 84	  <80>e<80><CF><80>'<80><D0><80><0D><80><84>
0x06FB89	000C	80 7F 53 80 80 53 4F 68 0D 5D 80 A4	<80><7F>S<80><80>SOh<0D>]<80><A4>
0x06FBA0	000C	20 20 80 99 80 82 80 D1 80 D2 80 D3	  <80><99><80><82><80><D1><80><D2><80><D3>
0x06FBD4	0012	D4 54 6E 40 73 80 D5 80 1A 80 B0 80 65 80 31 80 A8 D5	<D4>Tn@s<80><D5><80><1A><80><B0><80>e<80>1<80><A8><D5>
0x06FBE7	000F	20 D4 54 6E 40 73 80 D5 80 1A 80 B0 80 65 D5	 <D4>Tn@s<80><D5><80><1A><80><B0><80>e<D5>
0x06FC01	000F	20 D4 54 6E 40 73 80 0A 80 6E 80 31 80 A8 D5	 <D4>Tn@s<80><0A><80>n<80>1<80><A8><D5>
0x06FC11	000C	20 20 D4 54 6E 40 73 80 0A 80 6E D5	  <D4>Tn@s<80><0A><80>n<D5>
0x06FC37	000C	20 20 80 A6 80 A7 80 8B 80 23 80 A0	  <80><A6><80><A7><80><8B><80>#<80><A0>
0x06FC4E	000A	20 20 40 68 41 68 80 79 80 A4	  @hAh<80>y<80><A4>
0x06FC9A	0010	20 80 9C 46 3C 80 59 80 D9 80 DA 80 DB 80 A0 20	 <80><9C>F<<80>Y<80><D9><80><DA><80><DB><80><A0> 
0x06FCAB	000A	20 20 20 D4 41 61 61 80 6B D5	   <D4>Aaa<80>k<D5>
0x06FCB6	000A	20 20 D4 46 71 44 61 80 6B D5	  <D4>FqDa<80>k<D5>
0x06FCC1	000D	D4 46 71 44 61 80 6B D5 55 4F 68 80 3B	<D4>FqDa<80>k<D5>UOh<80>;
0x06FCCF	000F	20 D4 46 71 44 61 80 6B 80 39 80 3A 80 A0 D5	 <D4>FqDa<80>k<80>9<80>:<80><A0><D5>
0x06FCDF	000F	20 D4 46 71 44 61 80 6B 80 B3 80 B4 80 A0 D5	 <D4>FqDa<80>k<80><B3><80><B4><80><A0><D5>
0x06FCFF	000D	20 20 D4 5C 4A 63 3B 3C 3B 68 80 DF D5	  <D4>\Jc;<;h<80><DF><D5>
0x06FD0D	0010	20 20 D4 46 71 44 61 80 6B 80 69 80 6A 80 C2 D5	  <D4>FqDa<80>k<80>i<80>j<80><C2><D5>
0x06FD1E	000F	20 D4 54 6E 40 73 80 69 80 6A 80 0A 80 6E D5	 <D4>Tn@s<80>i<80>j<80><0A><80>n<D5>
0x06FD38	000C	20 20 80 E1 80 AB 80 E2 80 E3 80 3B	  <80><E1><80><AB><80><E2><80><E3><80>;
0x06FD45	000E	D4 3E 64 17 73 4A 73 80 67 80 32 80 A0 D5	<D4>>d<17>sJs<80>g<80>2<80><A0><D5>
0x06FD64	000C	20 20 D4 00 4E 73 D5 53 80 79 80 A4	  <D4><00>Ns<D5>S<80>y<80><A4>
0x06FD89	000F	20 80 69 80 6A 80 0A 80 6E 80 1C 80 E6 80 79	 <80>i<80>j<80><0A><80>n<80><1C><80><E6><80>y
0x06FDE0	001C	D7 20 42 07 64 4A 80 4A 0D CD 20 80 5F 00 20 56 45 00 64 4D 3C 63 7E 7E 7E 1F D2 C8	<D7> B<07>dJ<80>J<0D><CD> <80>_<00> VE<00>dM<c~~~<1F><D2><C8>
0x078CA2	0100	14 80 55 53 80 32 00 CD 80 09 80 0A 4F 68 0D 47 60 7D DE D8 E0 02 3D 5B 7E 7E 7E C9 1E 80 CE 50 80 8F 67 4C 43 4A 44 4E 54 CD 58 5C 4D 5E 63 00 20 80 CE 54 80 4C 80 2F 53 80 27 80 14 67 CD 80 42 53 4A 5C 50 20 81 C6 80 6C 47 63 80 89 54 4F 3C D1 59 3B 20 48 6E 40 42 80 10 4A 68 0A 40 61 CD 80 CE 53 80 28 46 3C 20 80 27 80 14 80 8C 67 80 54 48 4D 5E 65 3D CD 44 64 00 20 4F 68 0A 40 66 40 63 40 0F D1 E0 08 7E 7E 7E 58 3F 20 C9 1E D4 61 6E 19 D5 0D 47 40 0F CD 4F 4C 40 46 3C 4F 3B 20 C9 1E 80 CE 20 81 6F 81 C7 53 44 65 CD D4 4E 61 68 1C 6E 4E 80 79 D5 50 80 31 6E 4D 4A 68 0D 47 60 D1 E0 02 4A 0A 53 D4 61 6E 19 D5 4E 54 20 66 43 00 4B 00 3D CD 44 64 54 20 44 3D 5E 6E 4D 80 08 3D 53 0A 1F C0 D8 E0 08 66 D4 73 73 73 73 73 73 73 73 73 73 73 73 D5 6E 7D 7D C9 1E C8	<14><80>US<80>2<00><CD><80><09><80><0A>Oh<0D>G`}<DE><D8><E0><02>=[~~~<C9><1E><80><CE>P<80><8F>gLCJDNT<CD>X\M^c<00> <80><CE>T<80>L<80>/S<80>'<80><14>g<CD><80>BSJ\P <81><C6><80>lGc<80><89>TO<<D1>Y; Hn@B<80><10>Jh<0A>@a<CD><80><CE>S<80>(F< <80>'<80><14><80><8C>g<80>THM^e=<CD>Dd<00> Oh<0A>@f@c@<0F><D1><E0><08>~~~X? <C9><1E><D4>an<19><D5><0D>G@<0F><CD>OL@F<O; <C9><1E><80><CE> <81>o<81><C7>SDe<CD><D4>Nah<1C>nN<80>y<D5>P<80>1nMJh<0D>G`<D1><E0><02>J<0A>S<D4>an<19><D5>NT fC<00>K<00>=<CD>DdT D=^nM<80><08>=S<0A><1F><C0><D8><E0><08>f<D4>ssssssssssss<D5>n}}<C9><1E><C8>
0x078E83	0100	D5 C3 00 67 46 4D 5E 64 14 CD E0 1A 67 45 61 50 60 42 80 08 3E 63 09 D1 4F 50 0F 45 6E 41 53 80 46 40 0F CD 81 1D 80 F1 20 44 53 80 F1 80 F2 67 3B 61 46 80 0B 6E 4D 3C 63 CD C3 02 D4 54 6E 40 73 D5 C3 00 53 20 80 15 80 16 80 98 45 CD D4 47 40 3D 4E D5 50 41 4A 68 0A 4E 45 D1 0A 00 20 80 27 80 14 54 80 46 53 80 F6 50 80 F9 6E 4D 44 49 CD 80 48 81 87 53 3B 63 5D 53 4F 68 0A 09 CD 80 42 80 6C 4F 09 20 5D 6E 4D 53 81 92 0A CD 3F 59 3E 5D 60 42 20 3F 18 3E 4D 3F 41 4F 45 3C D1 49 3D 49 3D 20 44 64 54 3F 59 3E 50 5E 65 3D CD C3 02 15 6E 42 62 D4 58 73 68 D5 C3 00 4E 81 10 6E 4D CD 80 43 41 4F 80 44 67 80 45 47 20 D4 61 6E 19 D5 0A CD 80 EA 40 20 80 F6 50 4A 4C 44 4E 5D 3B 63 0A 65 3D DE 20 C2 00 54 CD C3 02 20 15 6E 42 62 D4 58 73 68 D5 C3 00 67 20 5D 61 6E 4A 7D	<D5><C3><00>gFM^d<14><CD><E0><1A>gEaP`B<80><08>>c<09><D1>OP<0F>EnAS<80>F@<0F><CD><81><1D><80><F1> DS<80><F1><80><F2>g;aF<80><0B>nM<c<CD><C3><02><D4>Tn@s<D5><C3><00>S <80><15><80><16><80><98>E<CD><D4>G@=N<D5>PAJh<0A>NE<D1><0A><00> <80>'<80><14>T<80>FS<80><F6>P<80><F9>nMDI<CD><80>H<81><87>S;c]SOh<0A><09><CD><80>B<80>lO<09> ]nMS<81><92><0A><CD>?Y>]`B ?<18>>M?AOE<<D1>I=I= DdT?Y>P^e=<CD><C3><02><15>nBb<D4>Xsh<D5><C3><00>N<81><10>nM<CD><80>CAO<80>Dg<80>EG <D4>an<19><D5><0A><CD><80><EA>@ <80><F6>PJLDN];c<0A>e=<DE> <C2><00>T<CD><C3><02> <15>nBb<D4>Xsh<D5><C3><00>g ]anJ}
0x0790A8	0037	D0 80 EA 50 4C 3C 4D 20 81 0E 62 4A 3C 0F CD C9 28 20 80 27 80 14 53 44 4E CD 20 80 03 80 2B 53 44 4E CD 20 D4 65 18 6E 4E D5 53 44 4E CD 20 5E 6E 19 62 20 3C 3C 5E	<D0><80><EA>PL<M <81><0E>bJ<<0F><CD><C9>( <80>'<80><14>SDN<CD> <80><03><80>+SDN<CD> <D4>e<18>nN<D5>SDN<CD> ^n<19>b <<^
0x07A342	0100	7E 3B 20 C9 3C 50 66 4E 62 53 80 00 80 01 0A 43 0E 52 CD C9 1E 00 20 C9 1E 3C 4F 42 4F 6E 4B 59 6E 4A 68 0A 60 7D C0 D7 D4 40 D5 7E C9 1E D4 40 4E 62 73 51 D5 6B 6E 7D 7D 7D CD 0E 44 50 80 1E 6E 4D 4A 68 0A 3B 6E 7D CD 4E 4D 5D 20 80 E6 81 64 46 4A 68 0A 09 6D 6E 7D 7D D1 81 46 00 20 80 54 4C 43 4D 42 64 4A 53 40 0F CD 3B 62 00 4E 3D 7D CD 49 3D 0A 7D 80 EA 40 81 28 67 45 48 4D 42 64 7D DE D7 80 2D 4B 80 6D 00 20 3C 6E 19 3C 53 60 3D 0A 52 CD 50 5D 4C 53 81 3A 4F 3C 80 87 50 CD 59 4A 20 08 55 20 80 10 4D 42 64 7D C0 D7 44 64 54 20 44 53 3B 3C 0A CD D4 40 4E 62 73 51 D5 00 20 0E 44 40 61 40 CD 55 65 6E 4D 41 4A 68 0A CD 44 64 67 81 46 50 20 3F 81 28 4E 46 4D 3B 03 60 3D 7D D1 20 C2 00 54 CD C3 02 20 D4 1B 61 07 59 16 64 3C 0E D5 C3 00 67 20 3C 4A 0A 3C 4A 7D	~; <C9><PfNbS<80><00><80><01><0A>C<0E>R<CD><C9><1E><00> <C9><1E><OBOnKYnJh<0A>`}<C0><D7><D4>@<D5>~<C9><1E><D4>@NbsQ<D5>kn}}}<CD><0E>DP<80><1E>nMJh<0A>;n}<CD>NM] <80><E6><81>dFJh<0A><09>mn}}<D1><81>F<00> <80>TLCMBdJS@<0F><CD>;b<00>N=}<CD>I=<0A>}<80><EA>@<81>(gEHMBd}<DE><D7><80>-K<80>m<00> <n<19><S`=<0A>R<CD>P]LS<81>:O<<80><87>P<CD>YJ <08>U <80><10>MBd}<C0><D7>DdT DS;<<0A><CD><D4>@NbsQ<D5><00> <0E>D@a@<CD>UenMAJh<0A><CD>Ddg<81>FP ?<81>(NFM;<03>`=}<D1> <C2><00>T<CD><C3><02> <D4><1B>a<07>Y<16>d<<0E><D5><C3><00>g <J<0A><J}
0x07E7CA	0100	44 7E 7E 7E 53 7E 7E 7E 40 17 5D CD 44 7E 7E 7E 66 45 4F 7E 7E 7E 3C 7E 7E 7E 4E CD 7E 7E 3D 7E 46 7E 65 7E 45 00 7E 7E 6E 4D 1F C0 D7 7E 7E 7E 3B 3C 4A 7E 7E 7E 60 3D 0A CD 45 7E 45 3B 20 80 1E 44 3D 1F C0 D7 DC 04 7E 7E 7E 5D 3D D4 0A 5C D5 7E 7E 7E 0A CD D4 3E 52 63 01 73 D5 00 7E 7E 7E 4F 42 4F 6E 4A CD 0A 00 7E 7E 7E 59 50 3B 6E 4D 60 40 6E 4A D1 7E 7E 7E 0D 41 63 44 4E 4F 61 7E 7E 7E CD D4 47 42 61 6E 1B D5 4E 4F 63 20 D4 66 4A 46 D5 53 7E 7E 7E CD 40 43 61 0D 5D 7E 7E 7E 55 65 6E 4D 42 64 CD D4 41 5A D5 67 20 80 54 80 E9 64 63 D1 3B 4E 53 44 4E 54 7E 7E 7E 4A 53 5B CD C3 02 D4 61 47 42 D5 C3 00 45 59 53 7E 7E 7E 80 48 82 3B 67 CD 7E 7E 7E 4C 3C 0D 42 64 1F DC 00 C0 D7 20 C2 00 54 CD C3 02 20 D4 47 42 61 6E 1B D5 21 C3 00 67 20 80 36 50 80 31 64 4A 7D	D~~~S~~~@<17>]<CD>D~~~fEO~~~<~~~N<CD>~~=~F~e~E<00>~~nM<1F><C0><D7>~~~;<J~~~`=<0A><CD>E~E; <80><1E>D=<1F><C0><D7><DC><04>~~~]=<D4><0A>\<D5>~~~<0A><CD><D4>>Rc<01>s<D5><00>~~~OBOnJ<CD><0A><00>~~~YP;nM`@nJ<D1>~~~<0D>AcDNOa~~~<CD><D4>GBan<1B><D5>NOc <D4>fJF<D5>S~~~<CD>@Ca<0D>]~~~UenMBd<CD><D4>AZ<D5>g <80>T<80><E9>dc<D1>;NSDNT~~~JS[<CD><C3><02><D4>aGB<D5><C3><00>EYS~~~<80>H<82>;g<CD>~~~L<<0D>Bd<1F><DC><00><C0><D7> <C2><00>T<CD><C3><02> <D4>GBan<1B><D5>!<C3><00>g <80>6P<80>1dJ}
0x0882CF	007E	3B 63 68 0A 00 52 D1 49 44 50 80 99 80 82 00 20 C3 02 57 49 42 62 C3 00 67 CD 40 42 46 4D 3C 63 68 0A CD 4F 50 20 0E 3D 48 D4 66 3C 65 D5 53 81 06 45 CD 81 46 00 20 81 47 80 4E 50 80 08 6E 4D 42 64 1F C0 81 46 00 20 D4 65 44 44 80 99 D5 53 80 F8 80 62 67 CD 47 42 6E 4D 42 64 4A 68 0A 52 CD 0E 3D 5D 3B 62 00 4E 3D CD 81 46 54 20 80 BD 00 80 9C 46 5A 4F 81 35 81 26 0A 4F 3B 1F	;ch<0A><00>R<D1>IDP<80><99><80><82><00> <C3><02>WIBb<C3><00>g<CD>@BFM<ch<0A><CD>OP <0E>=H<D4>f<e<D5>S<81><06>E<CD><81>F<00> <81>G<80>NP<80><08>nMBd<1F><C0><81>F<00> <D4>eDD<80><99><D5>S<80><F8><80>bg<CD>GBnMBdJh<0A>R<CD><0E>=];b<00>N=<CD><81>FT <80><BD><00><80><9C>FZO<81>5<81>&<0A>O;<1F>
0x088FF4	0100	54 81 41 3C 4D 63 60 CD 46 40 46 C3 02 80 B3 80 B4 80 BC C3 00 50 54 20 80 1A 40 61 46 40 CD 80 1E 42 44 4E 00 0D 41 4F 3C 4E 3C 3D 46 4F 3B D1 3F 06 45 68 50 5D 20 81 02 81 03 00 3C 4D 52 CD C3 02 D4 40 73 63 D5 C3 00 6E 4D 80 00 80 01 4F 68 0A 43 0E 52 CD 0A 40 61 20 41 5A 53 80 89 80 2D 4B 54 66 40 63 60 CD 4F 68 4E 40 46 4D 3B 03 4A 3C 4F 3B 1F C0 D7 3E 0F C3 02 D4 40 73 63 D5 C3 00 67 81 0E 6E 4D 63 6E 4D 0F CD 49 3D 40 20 41 5A 5D D4 65 44 44 80 99 D5 53 80 46 4F 53 40 CD D4 40 73 63 D5 54 20 80 85 80 89 50 46 4D 4A 40 3C 0F CD 40 3B 45 68 67 20 44 59 61 48 4D 4F 3C 40 3C 0F D1 49 3D 0A 20 D4 40 73 63 D5 50 C3 02 4D 00 5A C3 00 67 80 38 42 40 61 CD 66 4A 46 4D 5D 61 3E 4F 3C 0A 65 3D 40 0F CD 20 3F 5E 47 3C 04 80 6C 0D 47 CD 20 3F 44 4E 66 62 46 59 47	T<81>A<Mc`<CD>F@F<C3><02><80><B3><80><B4><80><BC><C3><00>PT <80><1A>@aF@<CD><80><1E>BDN<00><0D>AO<N<=FO;<D1>?<06>EhP] <81><02><81><03><00><MR<CD><C3><02><D4>@sc<D5><C3><00>nM<80><00><80><01>Oh<0A>C<0E>R<CD><0A>@a AZS<80><89><80>-KTf@c`<CD>OhN@FM;<03>J<O;<1F><C0><D7>><0F><C3><02><D4>@sc<D5><C3><00>g<81><0E>nMcnM<0F><CD>I=@ AZ]<D4>eDD<80><99><D5>S<80>FOS@<CD><D4>@sc<D5>T <80><85><80><89>PFMJ@<<0F><CD>@;Ehg DYaHMO<@<<0F><D1>I=<0A> <D4>@sc<D5>P<C3><02>M<00>Z<C3><00>g<80>8B@a<CD>fJFM]a>O<<0A>e=@<0F><CD> ?^G<<04><80>l<0D>G<CD> ?DNfbFYG
0x0890F5	00EA	D0 49 3D 40 7D 60 40 6E 4A 7D CD 47 02 50 80 38 42 40 61 20 4B 71 6E 4E 0A 43 CD 49 44 0D 20 81 1C 6E 4D 4D 42 64 C0 D7 7E 7E 7E 46 40 46 20 81 46 54 CD 5D 4B 5D 53 00 20 3C 6E 19 3C 53 60 3D 0A 52 CD 47 59 4F 3C 00 20 80 36 80 76 67 66 4A 48 63 60 3D CD 50 5D 4C 67 20 57 61 46 4D 42 64 4F 3C 40 0F C0 D0 7E 7E 7E 49 3D 40 CD 5E 6E 4E 20 D4 40 73 63 D5 4E 64 68 61 42 00 CD 4E 64 63 4E 80 7A 6E 4A 53 50 7E 7E 7E 1F C0 D7 45 6E 41 54 3B 41 61 5C 4A 00 CD D4 40 73 63 D5 4E 20 0E 3D 50 40 64 68 61 42 67 CD 4E 62 4A 3C 68 0A 7E 7E 7E D1 D4 40 73 63 D5 50 C3 02 4D 00 5A C3 00 67 80 38 42 40 61 CD 66 4A 46 4D 5D 61 3E 4F 3C 0A 65 3D 40 0F CD 20 3F 5E 47 3C 04 80 6C 0D 47 CD 20 3F 44 4E 66 62 46 59 47	<D0>I=@}`@nJ}<CD>G<02>P<80>8B@a KqnN<0A>C<CD>ID<0D> <81><1C>nMMBd<C0><D7>~~~F@F <81>FT<CD>]K]S<00> <n<19><S`=<0A>R<CD>GYO<<00> <80>6<80>vgfJHc`=<CD>P]Lg WaFMBdO<@<0F><C0><D0>~~~I=@<CD>^nN <D4>@sc<D5>NdhaB<00><CD>NdcN<80>znJSP~~~<1F><C0><D7>EnAT;Aa\J<00><CD><D4>@sc<D5>N <0E>=P@dhaBg<CD>NbJ<h<0A>~~~<D1><D4>@sc<D5>P<C3><02>M<00>Z<C3><00>g<80>8B@a<CD>fJFM]a>O<<0A>e=@<0F><CD> ?^G<<04><80>l<0D>G<CD> ?DNfbFYG
0x08927E	0100	3E 6E 4E 7E 7E 7E CD C9 3C C3 02 D4 40 73 63 D5 20 57 CD 80 85 80 89 50 46 4D 3C 59 47 40 0F CD 81 51 50 3C 4F 42 4F 6E 4D 20 04 5C 68 4F 45 3C D1 4E 3D 45 68 54 20 80 42 3C 80 46 4A 4B 50 CD 45 61 66 64 4D 20 81 09 80 56 67 45 48 61 64 4D 59 47 CD 3F 80 01 5E 20 40 3B 45 68 53 44 4E 00 CD 80 89 00 40 62 0D 20 46 40 4A 3B 62 59 48 68 D1 3C 4C 80 EF 64 63 40 20 66 40 62 59 48 68 00 CD 3F 80 01 54 20 81 3E 53 81 02 4F 53 0A 40 61 CD 80 55 5E 40 3B 45 68 53 44 4E 67 4A 53 5A 59 47 1F CD 20 20 20 20 20 20 20 20 20 20 20 20 20 81 9E 60 62 C3 00 C0 D7 06 6F 3B 20 44 53 80 36 80 76 67 CD 4A 53 5A 59 47 CD 81 46 5D 20 80 43 80 50 4F 80 87 0A 65 3D 50 CD 66 00 59 59 81 10 6E 4D 20 47 59 4F 3C 52 1F D1 CD 20 C2 00 54 CD C3 02 20 4D 00 5A C3 00 67 20 3D 43 4E 6E 4A 7D	>nN~~~<CD><C9><<C3><02><D4>@sc<D5> W<CD><80><85><80><89>PFM<YG@<0F><CD><81>QP<OBOnM <04>\hOE<<D1>N=EhT <80>B<<80>FJKP<CD>EafdM <81><09><80>VgEHadMYG<CD>?<80><01>^ @;EhSDN<00><CD><80><89><00>@b<0D> F@J;bYHh<D1><L<80><EF>dc@ f@bYHh<00><CD>?<80><01>T <81>>S<81><02>OS<0A>@a<CD><80>U^@;EhSDNgJSZYG<1F><CD>             <81><9E>`b<C3><00><C0><D7><06>o; DS<80>6<80>vg<CD>JSZYG<CD><81>F] <80>C<80>PO<80><87><0A>e=P<CD>f<00>YY<81><10>nM GYO<R<1F><D1><CD> <C2><00>T<CD><C3><02> M<00>Z<C3><00>g =CNnJ}
0x089B72	0100	02 02 85 0D 01 01 02 98 02 86 0D 03 01 02 98 02 85 0D 0A 02 02 98 02 0A E3 80 02 33 50 FF 02 B2 6B 02 1D 1C 9C 02 33 50 FF 4C F8 9A 02 CF 37 9B 88 6B D7 47 5A 59 48 68 20 0A 68 4F CD 3B 6E 46 54 20 0A 68 4F 53 44 4E 00 CD 80 E6 81 64 0D 80 E6 81 64 0D 7E 7E 7E 0D 5D 20 40 3E 6E 4D CD 82 0A 80 36 59 4E 3C 50 4F 6E 4B 59 3C 59 46 4A 52 D1 49 3D 49 3D 20 44 64 67 CD 45 46 3B 03 60 3D 4E 80 7A 3C 59 46 4D 7E 7E 7E CD 3B 6E 46 00 20 80 78 80 79 80 87 81 67 50 CD 80 08 6E 4D 3C 4A 5D 68 4F 68 0D 47 43 0E 52 DE D7 7E 7E 7E 4E 20 80 7A 6E 4A 61 CD 50 5D 4C 00 20 3C 6E 19 3C 53 60 3D 0D 47 52 CD 50 5D 4C 54 20 4C 52 55 04 65 40 61 CD 81 78 0C 43 4F 3C 4E 20 3C 43 59 48 68 08 1F C0 D7 20 C2 00 54 CD C3 02 20 40 68 16 D4 14 6E 4B D5 C3 00 67 20 80 36 50 80 31 64 4A 7D	<02><02><85><0D><01><01><02><98><02><86><0D><03><01><02><98><02><85><0D><0A><02><02><98><02><0A><E3><80><02>3P<FF><02><B2>k<02><1D><1C><9C><02>3P<FF>L<F8><9A><02><CF>7<9B><88>k<D7>GZYHh <0A>hO<CD>;nFT <0A>hOSDN<00><CD><80><E6><81>d<0D><80><E6><81>d<0D>~~~<0D>] @>nM<CD><82><0A><80>6YN<POnKY<YFJR<D1>I=I= Ddg<CD>EF;<03>`=N<80>z<YFM~~~<CD>;nF<00> <80>x<80>y<80><87><81>gP<CD><80><08>nM<J]hOh<0D>GC<0E>R<DE><D7>~~~N <80>znJa<CD>P]L<00> <n<19><S`=<0D>GR<CD>P]LT LRU<04>e@a<CD><81>x<0C>CO<N <CYHh<08><1F><C0><D7> <C2><00>T<CD><C3><02> @h<16><D4><14>nK<D5><C3><00>g <80>6P<80>1dJ}
0x08AF31	0100	D5 53 48 68 4A 42 60 62 CD 3F 5E 47 3C 5D 68 0D 47 7D C0 D7 E0 16 56 3D 6E 20 4F 68 4E 40 80 45 63 44 4E 00 CD 0D 41 4A 40 7E 7E 7E DE D7 5E 7E 5E 42 49 42 54 20 80 E9 63 09 CD 80 CE 5D 20 81 3E 0A 40 61 4F 6E 7D CD 3F 3C 6E 20 80 9A 80 36 21 7D CD 81 06 67 20 80 2D 6E 4D 63 40 7D 0F DE D7 E0 17 3E 0F C9 14 3E 0F C9 14 3E 0F CD C9 3C 66 7E 66 4A 46 53 20 3F 81 06 0D 47 40 6E 7D 0F D1 E0 16 80 9A 80 36 53 5D 53 54 20 80 AA 80 AB 53 5D 53 7D CD 44 53 81 3A 81 0A 50 20 81 46 53 3B 62 81 06 80 57 80 79 67 CD 66 4A 46 4A 59 3E 7D D1 E0 17 66 7E 66 40 62 59 46 4A 60 6D CD C9 3C 3B 53 7E 7E 7E 80 CE 20 3F 81 98 81 49 00 81 3A 4F 42 4D CD 44 64 46 40 4F 3C 68 0D 47 43 0E 7E 7E 7E D1 20 C2 00 54 CD C3 02 20 78 73 73 D4 4E 65 68 D5 C3 00 67 20 80 36 50 80 31 64 4A 7D	<D5>SHhJB`b<CD>?^G<]h<0D>G}<C0><D7><E0><16>V=n OhN@<80>EcDN<00><CD><0D>AJ@~~~<DE><D7>^~^BIBT <80><E9>c<09><CD><80><CE>] <81>><0A>@aOn}<CD>?<n <80><9A><80>6!}<CD><81><06>g <80>-nMc@}<0F><DE><D7><E0><17>><0F><C9><14>><0F><C9><14>><0F><CD><C9><f~fJFS ?<81><06><0D>G@n}<0F><D1><E0><16><80><9A><80>6S]ST <80><AA><80><AB>S]S}<CD>DS<81>:<81><0A>P <81>FS;b<81><06><80>W<80>yg<CD>fJFJY>}<D1><E0><17>f~f@bYFJ`m<CD><C9><;S~~~<80><CE> ?<81><98><81>I<00><81>:OBM<CD>DdF@O<h<0D>GC<0E>~~~<D1> <C2><00>T<CD><C3><02> xss<D4>Neh<D5><C3><00>g <80>6P<80>1dJ}
0x08B093	0090	20 80 E9 6E 4D 3C 63 40 61 4F CD 49 3D 20 40 68 4A 68 50 54 CD 4D 0A 46 54 20 0D 41 68 09 D1 59 3B 20 5E 64 63 0A 43 5E 6E 4D 5A 63 00 3C 3C CD 80 CE 53 80 23 6E 4A 20 D4 1B 65 4D 42 4E D5 67 CD 4A 5C 47 20 3C 3C D4 4B 6F 68 47 D5 0A 7D CD 44 64 67 20 81 46 50 42 64 4D 5E 65 3D DE D7 49 3D 49 3D 20 D4 40 01 D5 0A 6E 4A 4F CD 58 61 20 42 64 4D 5E 63 7D DE D7 20 C2 00 54 CD C3 02 20 D4 40 01 D5 C3 00 67 20 80 36 50 80 31 64 4A 7D	 <80><E9>nM<c@aO<CD>I= @hJhPT<CD>M<0A>FT <0D>Ah<09><D1>Y; ^dc<0A>C^nMZc<00><<<CD><80><CE>S<80>#nJ <D4><1B>eMBN<D5>g<CD>J\G <<<D4>KohG<D5><0A>}<CD>Ddg <81>FPBdM^e=<DE><D7>I=I= <D4>@<01><D5><0A>nJO<CD>Xa BdM^c}<DE><D7> <C2><00>T<CD><C3><02> <D4>@<01><D5><C3><00>g <80>6P<80>1dJ}
0x08B489	0100	7D CD C9 1E DC 00 80 9A 80 36 21 7D 80 1D 80 D7 0A 7D 7D CD 44 53 D4 52 07 5A D5 0D 20 80 1D 80 D7 67 47 63 09 7D D1 E0 17 66 40 62 59 46 4A 7D 80 AA 80 AB 7D CD 80 1D 80 D7 0D 47 52 7D C0 D7 D4 44 68 1A 70 73 4A 73 D5 53 81 09 80 56 67 46 4D 63 80 46 6E 4D CD 40 66 6E 4A 80 46 00 20 81 23 3C 4E 81 41 41 59 47 43 0E CD 80 D9 81 15 50 20 49 3D 80 7A 3C 59 47 60 CD 3B 4F 4A 5D 20 80 89 67 4C 43 4D 42 0A 45 3C 52 1F C0 D7 3B 7E 3B 53 6D 7E 7E 7E CD C9 1E 0E 7E D4 0E 42 4A 73 D5 27 54 CD 3B 3B 20 81 10 6E 4D 59 47 43 0E CD 45 6E 41 45 46 3B 03 4A 20 C3 03 80 CE 53 C3 00 3F 81 06 67 D1 81 6C 46 4D 42 64 4A 61 20 3B 53 81 3E 53 44 4E 67 CD 80 CE 00 20 80 DB 3E 4D 5D 3C 3C 68 0D 47 60 CD 20 3F 81 6C 46 46 59 46 71 3D CD 20 5D 61 6E 4A 81 06 54 20 81 6C 45 4F 3C 60	}<CD><C9><1E><DC><00><80><9A><80>6!}<80><1D><80><D7><0A>}}<CD>DS<D4>R<07>Z<D5><0D> <80><1D><80><D7>gGc<09>}<D1><E0><17>f@bYFJ}<80><AA><80><AB>}<CD><80><1D><80><D7><0D>GR}<C0><D7><D4>Dh<1A>psJs<D5>S<81><09><80>VgFMc<80>FnM<CD>@fnJ<80>F<00> <81>#<N<81>AAYGC<0E><CD><80><D9><81><15>P I=<80>z<YG`<CD>;OJ] <80><89>gLCMB<0A>E<R<1F><C0><D7>;~;Sm~~~<CD><C9><1E><0E>~<D4><0E>BJs<D5>'T<CD>;; <81><10>nMYGC<0E><CD>EnAEF;<03>J <C3><03><80><CE>S<C3><00>?<81><06>g<D1><81>lFMBdJa ;S<81>>SDNg<CD><80><CE><00> <80><DB>>M]<<h<0D>G`<CD> ?<81>lFFYFq=<CD> ]anJ<81><06>T <81>lEO<`
0x08B5E9	0100	67 CD 81 78 0C 43 4D 3C 4A 0A 43 59 48 68 40 0F C0 D0 CD 20 C2 00 54 CD C3 02 20 78 73 73 D4 4E 65 68 D5 C3 00 67 20 66 4A 46 4A 7D D1 3D 3D 3D 20 3B 62 00 4E 3D 04 05 3C 59 47 CD 44 64 0D 20 80 26 81 8F 5D CD 42 61 46 4D 3C 43 59 47 D1 3B 53 81 3E 53 20 41 3F 42 54 CD C3 02 D4 5C 3C 68 44 68 1A 70 73 4A 73 D5 C3 00 53 80 1C 50 CD 80 31 64 61 64 4D 3C 63 54 07 0D 47 D1 0A 43 0E 20 81 32 80 0A 80 62 80 C4 0D 47 40 61 52 CD 80 EA 40 50 20 80 E9 61 64 4D 3C 63 54 07 0D 47 D1 49 64 4E 20 44 64 67 45 46 3B 03 59 47 CD 44 64 0D C3 02 D4 5C 3C 68 44 68 1A 70 73 4A 73 80 A0 D5 C3 00 50 CD 80 31 63 44 4E 00 20 0D 41 63 0D 46 71 3D CD D4 0E 42 4A 73 D5 27 50 54 20 D4 4F 3C 46 71 D5 0D 47 60 1F D1 20 C2 00 54 CD C3 02 20 D4 40 01 D5 C3 00 67 20 80 36 50 80 31 64 4A 7D	g<CD><81>x<0C>CM<J<0A>CYHh@<0F><C0><D0><CD> <C2><00>T<CD><C3><02> xss<D4>Neh<D5><C3><00>g fJFJ}<D1>=== ;b<00>N=<04><05><YG<CD>Dd<0D> <80>&<81><8F>]<CD>BaFM<CYG<D1>;S<81>>S A?BT<CD><C3><02><D4>\<hDh<1A>psJs<D5><C3><00>S<80><1C>P<CD><80>1dadM<cT<07><0D>G<D1><0A>C<0E> <81>2<80><0A><80>b<80><C4><0D>G@aR<CD><80><EA>@P <80><E9>adM<cT<07><0D>G<D1>IdN DdgEF;<03>YG<CD>Dd<0D><C3><02><D4>\<hDh<1A>psJs<80><A0><D5><C3><00>P<CD><80>1cDN<00> <0D>Ac<0D>Fq=<CD><D4><0E>BJs<D5>'PT <D4>O<Fq<D5><0D>G`<1F><D1> <C2><00>T<CD><C3><02> <D4>@<01><D5><C3><00>g <80>6P<80>1dJ}
0x08C77B	005F	D7 E0 16 3C 6E 4A 3C 20 0E 44 50 80 1E 6E 4D 3C 4A 68 0A 7D CD 46 6E 40 62 20 5F 3D 0E 3D CD 46 4D 42 64 4A 59 3E 60 1F C0 D0 4F 7E 4F 50 00 20 58 46 3C 68 0A 0F CD 81 48 80 56 50 80 45 4A 61 20 81 8B 3E 63 09 7D CD 20 41 3F 42 67 81 12 6E 4A 81 3E 53 44 4E CD 20 3F 81 06 00 58 46 3C	<D7><E0><16><nJ< <0E>DP<80><1E>nM<Jh<0A>}<CD>Fn@b _=<0E>=<CD>FMBdJY>`<1F><C0><D0>O~OP<00> XF<h<0A><0F><CD><81>H<80>VP<80>EJa <81><8B>>c<09>}<CD> A?Bg<81><12>nJ<81>>SDN<CD> ?<81><06><00>XF<
0x08C7DB	0019	D0 49 3D 81 10 66 07 7D CD 49 44 67 20 4F 68 4E 40 7E 7E 7E CD CF 86 C8 88	<D0>I=<81><10>f<07>}<CD>IDg OhN@~~~<CD><CF><86><C8><88>
0x08C7F5	00AA	D0 3B 53 20 C3 02 D4 3B 41 54 14 61 D5 C3 00 53 44 4E 40 0F CD 66 40 6E 4A 7D 80 DB 3E 4D 5E 63 7D CD 0D 54 20 81 30 82 4C 4A 53 5B 09 7D C0 D0 4F 7E 4F 50 6E 7D 0F C9 1E 81 06 40 6E 7D 0F CD C9 1E 66 7E 66 40 6E 4A 7D 81 06 4F 61 42 64 4D 5E 63 7D CD 0D 54 20 81 30 82 4C 4A 53 5B 09 7D C0 D7 3B 6E 7D 49 44 53 20 80 5F 80 1E 42 81 3A 81 0A 60 7D CD 44 53 D4 0E 42 4A 73 D5 27 67 CD 81 48 81 4B 46 4D 80 1E 42 4E 3C 3D 53 40 7D 0F C0 20 81 8B 3E 4D 5E 61 68 0D 5D 4F 3C CD 20 4E 50 40 42 20 5E 4F 44 6E 4A 3C	<D0>;S <C3><02><D4>;AT<14>a<D5><C3><00>SDN@<0F><CD>f@nJ}<80><DB>>M^c}<CD><0D>T <81>0<82>LJS[<09>}<C0><D0>O~OPn}<0F><C9><1E><81><06>@n}<0F><CD><C9><1E>f~f@nJ}<81><06>OaBdM^c}<CD><0D>T <81>0<82>LJS[<09>}<C0><D7>;n}IDS <80>_<80><1E>B<81>:<81><0A>`}<CD>DS<D4><0E>BJs<D5>'g<CD><81>H<81>KFM<80><1E>BN<=S@}<0F><C0> <81><8B>>M^ah<0D>]O<<CD> NP@B ^ODnJ<
0x08D08C	0100	36 50 20 81 3F 4B 4D 46 59 6E 4A D1 0A 64 40 20 3B 53 80 69 80 6A 80 0A 80 6E 50 53 62 44 5A CD D4 4D 6A 61 5A 47 80 BF D5 67 CD 3F 80 9A 43 46 60 3D 4E 3C 3D 81 26 54 20 3C 4F 3C 40 0F C0 D7 4F 68 4E 3C 3D 20 82 33 43 4F 3C 44 4E 0A 7D CD 4F 61 14 20 5E 5B 67 3E 4F 3C CD 44 64 60 62 20 82 77 80 46 53 82 5A 50 59 66 62 CD C3 02 D4 42 06 D5 C3 00 67 66 4A 47 D1 C3 02 80 70 3C D4 42 06 D5 C3 00 67 20 55 3C 4A 81 26 54 CD D4 4D 6A 61 5A 47 80 BF D5 20 81 9C 80 45 81 A9 4E 46 4D CD 82 4F 82 0D 46 4D 5D 61 3D 44 4E 4E 47 63 CD 60 65 46 3C 40 0F C0 D7 E0 15 C2 00 80 BF 5D CD 55 4E 4C 20 3F 82 75 41 42 0A 45 3C D1 56 4A 4C 46 40 81 16 6E 4D 3F 62 59 48 68 00 7E 7E 7E CD 81 DE 4E 81 E6 20 0E 4B 61 00 60 65 46 3C 0D 47 40 0F CD 20 81 DE 67 55 42 CD 20 81 E6 67 55 42	6P <81>?KMFYnJ<D1><0A>d@ ;S<80>i<80>j<80><0A><80>nPSbDZ<CD><D4>MjaZG<80><BF><D5>g<CD>?<80><9A>CF`=N<=<81>&T <O<@<0F><C0><D7>OhN<= <82>3CO<DN<0A>}<CD>Oa<14> ^[g>O<<CD>Dd`b <82>w<80>FS<82>ZPYfb<CD><C3><02><D4>B<06><D5><C3><00>gfJG<D1><C3><02><80>p<<D4>B<06><D5><C3><00>g U<J<81>&T<CD><D4>MjaZG<80><BF><D5> <81><9C><80>E<81><A9>NFM<CD><82>O<82><0D>FM]a=DNNGc<CD>`eF<@<0F><C0><D7><E0><15><C2><00><80><BF>]<CD>UNL ?<82>uAB<0A>E<<D1>VJLF@<81><16>nM?bYHh<00>~~~<CD><81><DE>N<81><E6> <0E>Ka<00>`eF<<0D>G@<0F><CD> <81><DE>gUB<CD> <81><E6>gUB
0x08DABD	0100	3C 1F C0 D7 D4 4D 6A 61 5A 47 80 BF D5 00 20 3F 81 1C 4B 0D 47 CD 44 53 81 B7 53 C3 02 80 B3 80 B4 80 A0 C3 00 50 CD 3F 3C 0D 42 0A 45 3C 1F C0 D7 44 4B 61 53 80 B3 80 B4 80 A0 0D 54 CD 80 FB D4 54 6E 40 73 D5 53 4A 5C 53 80 23 80 15 67 CD 80 59 82 65 81 8B 3E 4D 3C 63 53 0D 47 1F C0 D7 44 4B 61 54 20 80 39 80 3A 80 A0 0D 47 CD D4 46 71 44 61 80 6B D5 53 20 81 99 81 9A 81 26 4A 4B 00 CD 80 FB D4 54 6E 40 73 80 69 80 6A 80 0A 80 6E 80 6C D5 53 81 D3 81 D4 53 CD 80 39 80 3A 80 9F 80 27 67 20 3F 44 4F 6E 4D 63 53 0D 47 1F C0 D7 44 44 54 20 80 D8 80 7B 80 A0 0D 47 CD D4 4D 6A 61 5A 47 80 BF D5 0D 46 4A 61 20 44 53 81 B7 53 CD C3 02 80 B3 80 B4 80 A0 C3 00 50 20 3F 3C 0D 0D 47 1F C0 D7 44 4B 61 54 20 80 DC 80 DD D4 47 1C 73 47 D5 0D 47 CD 80 0A 80 6E 53 81 CB 81	<<1F><C0><D7><D4>MjaZG<80><BF><D5><00> ?<81><1C>K<0D>G<CD>DS<81><B7>S<C3><02><80><B3><80><B4><80><A0><C3><00>P<CD>?<<0D>B<0A>E<<1F><C0><D7>DKaS<80><B3><80><B4><80><A0><0D>T<CD><80><FB><D4>Tn@s<D5>SJ\S<80>#<80><15>g<CD><80>Y<82>e<81><8B>>M<cS<0D>G<1F><C0><D7>DKaT <80>9<80>:<80><A0><0D>G<CD><D4>FqDa<80>k<D5>S <81><99><81><9A><81>&JK<00><CD><80><FB><D4>Tn@s<80>i<80>j<80><0A><80>n<80>l<D5>S<81><D3><81><D4>S<CD><80>9<80>:<80><9F><80>'g ?DOnMcS<0D>G<1F><C0><D7>DDT <80><D8><80>{<80><A0><0D>G<CD><D4>MjaZG<80><BF><D5><0D>FJa DS<81><B7>S<CD><C3><02><80><B3><80><B4><80><A0><C3><00>P ?<<0D><0D>G<1F><C0><D7>DKaT <80><DC><80><DD><D4>G<1C>sG<D5><0D>G<CD><80><0A><80>nS<81><CB><81>
0x08E16C	0100	46 40 43 63 C3 00 53 0D 47 D1 44 64 67 20 C3 02 80 70 7E 80 72 7E 80 71 53 80 19 0D CD C3 00 D4 48 6E 4E D5 47 64 14 20 80 0A 80 6E 53 D4 3E 68 06 68 D5 53 CD 80 67 41 67 80 6F 5C 61 64 63 54 07 0D 47 D1 7E 7E 7E 49 44 0D 20 C2 00 80 BF 50 CD 3F 52 00 3C 00 3B 63 53 0D 47 CD C9 1E 80 1D 54 20 D4 46 71 44 61 80 6B D5 50 54 20 5D 3D CD 80 69 80 6A 80 C2 67 80 23 63 20 81 B1 81 19 00 4F 3C 53 0D 47 D1 C2 00 80 BF 54 20 80 69 80 6A 80 C2 67 CD 3F 80 2D 4B 0A 4E 20 81 41 3C 4D 3F 62 59 47 CD 49 64 50 20 80 ED 80 EE 80 0A 80 6E 53 81 56 80 79 50 5D CD 80 31 6E 4D 3C 61 6E 46 6F 63 D1 44 53 D4 1D 6E 4E D5 67 46 40 43 63 4A 5C 20 5D 3D 80 ED 80 EE CD 80 0A 80 6E 57 20 80 1E 6E 4D 3C 4A 0A 43 4F 3C 0D 47 40 0F CD 20 3F 5E 47 3C 04 80 6C 0D 47 CD 20 5D 3D 20 5E 0A 7D	F@Cc<C3><00>S<0D>G<D1>Ddg <C3><02><80>p~<80>r~<80>qS<80><19><0D><CD><C3><00><D4>HnN<D5>Gd<14> <80><0A><80>nS<D4>>h<06>h<D5>S<CD><80>gAg<80>o\adcT<07><0D>G<D1>~~~ID<0D> <C2><00><80><BF>P<CD>?R<00><<00>;cS<0D>G<CD><C9><1E><80><1D>T <D4>FqDa<80>k<D5>PT ]=<CD><80>i<80>j<80><C2>g<80>#c <81><B1><81><19><00>O<S<0D>G<D1><C2><00><80><BF>T <80>i<80>j<80><C2>g<CD>?<80>-K<0A>N <81>A<M?bYG<CD>IdP <80><ED><80><EE><80><0A><80>nS<81>V<80>yP]<CD><80>1nM<anFoc<D1>DS<D4><1D>nN<D5>gF@CcJ\ ]=<80><ED><80><EE><CD><80><0A><80>nW <80><1E>nM<J<0A>CO<<0D>G@<0F><CD> ?^G<<04><80>l<0D>G<CD> ]= ^<0A>}
0x08E2E6	00C6	D7 3F 3C 20 5A 68 4F 7D C9 1E 81 41 3C 4D 4A 40 0F CD 80 1E 6E 4D 42 0A 45 63 49 3D 0A 09 7D C0 D0 58 7E 58 68 4E 3D 0D 47 40 0F 7D CD 7E 7E 7E 0D 5D 20 3F 50 5D 4C 00 CD 3C 6E 19 3C 0D 20 3F 66 4A 46 0D 41 59 48 68 52 CD 7E 7E 7E 4E 58 58 58 58 1F C0 D0 7E 7E 7E 49 3D 0D 47 40 20 C9 1E 49 3D 0D 47 60 52 CD 81 92 53 80 6B 53 81 04 50 20 4A 53 5B 4F 68 4D CD 82 29 00 60 47 01 59 47 52 CD C9 1E 7E 7E 7E 81 12 81 28 46 59 46 4A 1F C0 D7 44 64 54 C2 00 80 BF CD C9 14 80 EA 40 20 04 80 6C 0D 47 40 0F CD 20 5E 6E 19 62 20 81 05 80 32 46 4D 3B 03 63 CD 20 4F 68 0D 5D 4F 3C 60 20 60 68 0A 0A 43	<D7>?< ZhO}<C9><1E><81>A<MJ@<0F><CD><80><1E>nMB<0A>EcI=<0A><09>}<C0><D0>X~XhN=<0D>G@<0F>}<CD>~~~<0D>] ?P]L<00><CD><n<19><<0D> ?fJF<0D>AYHhR<CD>~~~NXXXX<1F><C0><D0>~~~I=<0D>G@ <C9><1E>I=<0D>G`R<CD><81><92>S<80>kS<81><04>P JS[OhM<CD><82>)<00>`G<01>YGR<CD><C9><1E>~~~<81><12><81>(FYFJ<1F><C0><D7>DdT<C2><00><80><BF><CD><C9><14><80><EA>@ <04><80>l<0D>G@<0F><CD> ^n<19>b <81><05><80>2FM;<03>c<CD> Oh<0D>]O<` `h<0A><0A>C
0x08EB6E	0100	80 14 80 8C 0A 4E 20 81 41 3C 4D 3C 59 47 D1 44 53 E0 00 40 61 20 3B 53 80 0A 80 6E 53 CD 82 28 81 B5 67 20 3D 4C 46 0A 46 CD 3B 64 50 20 80 FB 44 3D 0D 41 63 5D 53 67 CD 80 27 80 14 47 63 44 4E 00 0D 41 63 54 07 0D 47 D1 CD 20 C2 00 54 CD C3 02 20 80 75 74 C3 00 67 20 66 4A 46 4A D1 CD 20 C2 00 54 CD C3 02 20 80 75 75 C3 00 67 20 66 4A 46 4A D1 CD 20 C2 00 54 CD C3 02 20 80 75 76 C3 00 67 20 66 4A 46 4A D1 7E 7E 7E 3F 5E 0F CD C9 1E 40 66 6E 4A 5D 53 67 20 3F 5D 4B 0D 47 52 CD 49 53 C3 02 D4 47 42 61 6E 1B D5 21 C3 00 0D 47 60 CD E0 1A 53 20 D4 47 42 61 6E 1B D5 0D 47 52 D1 80 CE 54 20 D4 65 18 6E 4E D5 53 80 39 80 3A 5D 46 4D 59 46 4D 52 CD 82 4F 81 8B 50 20 80 54 48 4D 3C 4A 0A 43 59 48 68 40 0F CD 20 4B 71 6E 4E 0A 43 0A 60 CD 20 7E 7E 7E 7E 7E 7E 5E 0A	<80><14><80><8C><0A>N <81>A<M<YG<D1>DS<E0><00>@a ;S<80><0A><80>nS<CD><82>(<81><B5>g =LF<0A>F<CD>;dP <80><FB>D=<0D>Ac]Sg<CD><80>'<80><14>GcDN<00><0D>AcT<07><0D>G<D1><CD> <C2><00>T<CD><C3><02> <80>ut<C3><00>g fJFJ<D1><CD> <C2><00>T<CD><C3><02> <80>uu<C3><00>g fJFJ<D1><CD> <C2><00>T<CD><C3><02> <80>uv<C3><00>g fJFJ<D1>~~~?^<0F><CD><C9><1E>@fnJ]Sg ?]K<0D>GR<CD>IS<C3><02><D4>GBan<1B><D5>!<C3><00><0D>G`<CD><E0><1A>S <D4>GBan<1B><D5><0D>GR<D1><80><CE>T <D4>e<18>nN<D5>S<80>9<80>:]FMYFMR<CD><82>O<81><8B>P <80>THM<J<0A>CYHh@<0F><CD> KqnN<0A>C<0A>`<CD> ~~~~~~^<0A>
0x08EC6F	00C0	D0 80 D9 81 15 0D 47 40 0F C9 1E 3B 62 00 4E 3D 04 05 3C 59 47 CD 3C 65 68 4F 5D 53 67 20 80 C9 17 63 44 4E 00 CD 80 27 80 14 53 20 D4 55 68 4E D5 50 4F 62 59 47 40 61 52 D1 20 C2 00 54 CD C3 02 20 D4 47 42 61 6E 1B D5 21 C3 00 67 20 3F 80 5C 46 46 4A D1 0D 54 20 81 3A 46 53 81 2B 3F 81 75 62 46 59 47 CD 80 CE 54 20 80 39 80 3A 80 3B 53 81 04 50 3C 59 47 53 0D CD 08 55 20 80 54 81 9A 50 3C 61 46 4D 42 0A 45 3C 1F C0 D0 49 3D 3C 66 64 63 4E 20 59 47 59 47 CD 80 54 4A 42 4F 63 4F 3B 20 3F 52 00 3C 46 59 47 60 7D CD 20 4B 71 6E 4E 0A 43 0A 60 CD 20 7E 7E 7E 7E 7E 7E 5E 0A	<D0><80><D9><81><15><0D>G@<0F><C9><1E>;b<00>N=<04><05><YG<CD><ehO]Sg <80><C9><17>cDN<00><CD><80>'<80><14>S <D4>UhN<D5>PObYG@aR<D1> <C2><00>T<CD><C3><02> <D4>GBan<1B><D5>!<C3><00>g ?<80>\FFJ<D1><0D>T <81>:FS<81>+?<81>ubFYG<CD><80><CE>T <80>9<80>:<80>;S<81><04>P<YGS<0D><CD><08>U <80>T<81><9A>P<aFMB<0A>E<<1F><C0><D0>I=<fdcN YGYG<CD><80>TJBOcO; ?R<00><FYG`}<CD> KqnN<0A>C<0A>`<CD> ~~~~~~^<0A>
0x08F475	0038	0D 47 7D D1 4F 50 6E 7D 0F CD C9 1E 82 34 80 15 0A 7D 82 34 80 15 46 65 7D CD 44 53 59 59 0D 54 20 5E 61 64 63 09 7D C0 D7 80 C2 80 82 7D CD 82 80 80 2C 00 20 81 CB 81	<0D>G}<D1>OPn}<0F><CD><C9><1E><82>4<80><15><0A>}<82>4<80><15>Fe}<CD>DSYY<0D>T ^adc<09>}<C0><D7><80><C2><80><82>}<CD><82><80><80>,<00> <81><CB><81>
0x08F4AE	002D	67 3D 43 59 46 4A 7D CD 82 34 80 15 47 63 44 4E 00 0D 41 59 48 68 6E 7D C0 D7 80 C2 80 82 7D D4 3E 68 06 68 63 73 5B D5 00 CD 81 CB 81	g=CYFJ}<CD><82>4<80><15>GcDN<00><0D>AYHhn}<C0><D7><80><C2><80><82>}<D4>>h<06>hcs[<D5><00><CD><81><CB><81>
0x0992DC	0100	82 6E 4D CD 3C 5E 4F 81 2A 0A 4E 80 7A 66 4F 3C 0F D1 5E 6E 19 62 20 49 3D 80 7A 3D 0F CD 3B 53 80 46 D4 65 44 44 80 99 D5 50 3D 61 5A 00 3B 63 40 61 CD 66 05 66 05 20 80 99 53 80 46 4A 4B 67 45 61 6E 4D CD 81 FB 40 48 4D 63 68 0D 46 71 0F C9 0A 82 11 3C 60 52 D1 0D 5D 20 3B 53 80 46 50 82 48 61 3D 4E CD 60 42 4D 5B 44 3D 46 14 61 42 C3 02 D4 4E 3C 64 D5 49 3D 06 CD C3 00 80 42 3C 4E 20 80 50 4F 80 27 80 14 80 8C 0D CD C3 02 D4 52 07 5A D5 C3 00 50 45 64 4B 6F 3D 61 46 3C 60 D1 CD 56 6B 68 20 41 67 4C 43 60 3D 6E 4E C0 D7 CD DC 07 7E 7E 7E 7E 7E 7E 7E 7E 7E 7E DC 00 C0 D7 52 6E 7D C9 0A 52 6E 7D C9 0A 52 6E 7D CD 80 26 53 80 52 20 81 41 3C 4D 4A 7D 0F CD 0A 64 40 50 20 80 52 47 4C 5D 62 7D 0F CD 20 49 64 54 20 55 5A 4C 0D 47 CD 20 80 52 46 4A 62 46 4F 3C 60	<82>nM<CD><^O<81>*<0A>N<80>zfO<<0F><D1>^n<19>b I=<80>z=<0F><CD>;S<80>F<D4>eDD<80><99><D5>P=aZ<00>;c@a<CD>f<05>f<05> <80><99>S<80>FJKgEanM<CD><81><FB>@HMch<0D>Fq<0F><C9><0A><82><11><`R<D1><0D>] ;S<80>FP<82>Ha=N<CD>`BM[D=F<14>aB<C3><02><D4>N<d<D5>I=<06><CD><C3><00><80>B<N <80>PO<80>'<80><14><80><8C><0D><CD><C3><02><D4>R<07>Z<D5><C3><00>PEdKo=aF<`<D1><CD>Vkh AgLC`=nN<C0><D7><CD><DC><07>~~~~~~~~~~<DC><00><C0><D7>Rn}<C9><0A>Rn}<C9><0A>Rn}<CD><80>&S<80>R <81>A<MJ}<0F><CD><0A>d@P <80>RGL]b}<0F><CD> IdT UZL<0D>G<CD> <80>RFJbFO<`
0x0995B9	0100	67 82 3A 46 4D 63 68 0A 00 CD 80 54 81 12 6E 4A 6E 4D 0F CD C9 3C 14 6E 40 0A 52 3E 3F 80 01 20 44 53 80 39 80 3A 80 3B 50 54 CD 4B 71 6E 4E 46 4A 20 46 40 43 00 3B 63 53 45 D1 56 4C 3D 06 6F 20 80 54 3E 4F 3C D4 0E 3B D5 5E CD D4 4E 61 6E 1B D5 00 3B 6E 4D 4F CD C3 02 D4 40 5C 64 3F 68 02 61 47 D5 C3 00 6E 4D 53 00 4F 3C 4E CD 49 64 67 20 80 54 63 44 4E 54 0D 41 52 3E 68 0A 08 D1 81 F6 0F 81 F6 54 5D 4B 65 68 80 2D 6E 4D 63 45 CD C9 28 3E 0F C9 14 81 B6 46 3C 0F CD C9 14 57 57 57 20 81 85 53 80 1C 49 68 4F 50 3B 59 42 4F 3C 08 CD 81 3E 4F 61 20 80 4C 80 2F 0D 80 36 50 80 31 64 4F D1 4A 46 40 CD C3 02 80 39 80 3A 80 9F 80 27 80 A0 C3 00 6E 4D 80 3B 0D CD 80 23 6E 4D 63 54 07 0A 08 D1 D3 A6 96 D7 E0 03 C3 02 80 39 80 3A 80 9F 80 27 80 A0 C3 00 54 20 80 CB 80	g<82>:FMch<0A><00><CD><80>T<81><12>nJnM<0F><CD><C9><<14>n@<0A>R>?<80><01> DS<80>9<80>:<80>;PT<CD>KqnNFJ F@C<00>;cSE<D1>VL=<06>o <80>T>O<<D4><0E>;<D5>^<CD><D4>Nan<1B><D5><00>;nMO<CD><C3><02><D4>@\d?h<02>aG<D5><C3><00>nMS<00>O<N<CD>Idg <80>TcDNT<0D>AR>h<0A><08><D1><81><F6><0F><81><F6>T]Keh<80>-nMcE<CD><C9>(><0F><C9><14><81><B6>F<<0F><CD><C9><14>WWW <81><85>S<80><1C>IhOP;YBO<<08><CD><81>>Oa <80>L<80>/<0D><80>6P<80>1dO<D1>JF@<CD><C3><02><80>9<80>:<80><9F><80>'<80><A0><C3><00>nM<80>;<0D><CD><80>#nMcT<07><0A><08><D1><D3><A6><96><D7><E0><03><C3><02><80>9<80>:<80><9F><80>'<80><A0><C3><00>T <80><CB><80>
0x099AD9	0046	D0 49 64 54 20 60 40 6E 4A 08 7D CD 80 46 80 36 00 82 0A 62 4F 42 4D 20 81 37 6E 4D 4A 68 0A 60 CD C3 02 80 39 80 3A 80 9F 80 27 80 A0 50 20 80 45 80 01 67 CD 4E 0E 43 4D 42 64 52 3E 40 3C 0F D1 C3 00 80 CB 80	<D0>IdT `@nJ<08>}<CD><80>F<80>6<00><82><0A>bOBM <81>7nMJh<0A>`<CD><C3><02><80>9<80>:<80><9F><80>'<80><A0>P <80>E<80><01>g<CD>N<0E>CMBdR>@<<0F><D1><C3><00><80><CB><80>
0x099B20	0082	53 80 45 80 01 0A 6E 4D 81 10 3E 14 CD 80 9F 43 4D 42 64 63 40 61 60 CD 66 62 3C 4F 20 4A 53 68 0A 08 7D CD C9 14 3B 3B 20 3C 49 00 46 3C 3C 49 00 46 3C 7D C0 D0 4D 5E 68 0D 3C 6E 7D CD 81 1D 80 F1 53 20 81 35 3C 5D 68 54 47 02 50 CD 3C 49 00 46 3C 0D 20 50 03 5E 00 63 7D CD 06 6F 59 0A 06 6F 59 0A 20 80 45 4D 3C 41 4F 6E 7D C0 D7 C3 02 80 39 80 3A 80 9F 80 27 80 A0 C3 00 54 20 80 CB 80	S<80>E<80><01><0A>nM<81><10>><14><CD><80><9F>CMBdc@a`<CD>fb<O JSh<0A><08>}<CD><C9><14>;; <I<00>F<<I<00>F<}<C0><D0>M^h<0D><n}<CD><81><1D><80><F1>S <81>5<]hTG<02>P<CD><I<00>F<<0D> P<03>^<00>c}<CD><06>oY<0A><06>oY<0A> <80>EM<AOn}<C0><D7><C3><02><80>9<80>:<80><9F><80>'<80><A0><C3><00>T <80><CB><80>
0x099CD7	003D	53 80 45 80 01 53 80 46 0F CD 3E 0F 4B 00 3D 53 CD 06 6F 3B 20 80 EF 6E 4A 80 EF 6E 4A 7D CD 80 79 81 36 81 26 53 80 F9 80 31 62 54 20 3F 44 4E 66 62 0A 60 1F C0 D7 0A 64 0F 80 CB 80	S<80>E<80><01>S<80>F<0F><CD>><0F>K<00>=S<CD><06>o; <80><EF>nJ<80><EF>nJ}<CD><80>y<81>6<81>&S<80><F9><80>1bT ?DNfb<0A>`<1F><C0><D7><0A>d<0F><80><CB><80>
0x099D15	002F	53 80 45 80 01 53 80 46 0F CD 3B 3B 60 40 6E 4A 20 3F 82 4A 1C 44 1C 44 0A 60 CD 45 3B 20 80 31 6E 4D 80 31 6E 4D 7D C0 D7 0A 64 0F 80 CB 80	S<80>E<80><01>S<80>F<0F><CD>;;`@nJ ?<82>J<1C>D<1C>D<0A>`<CD>E; <80>1nM<80>1nM}<C0><D7><0A>d<0F><80><CB><80>
0x099E70	00D0	02 44 02 22 84 9E 02 CB 02 64 10 76 9E 02 80 14 02 97 80 F2 02 1D 96 9E 02 22 8D 9E 6B 02 1D EF 9E 02 22 84 9E 6B D7 80 26 54 20 3F 4D 04 65 D4 45 3C 07 D5 53 CD C3 02 80 46 81 2B 67 D4 52 07 5A D5 50 47 63 D4 64 73 05 73 D5 C3 00 67 CD 80 23 61 45 64 4D 3C 63 68 0A 7E 7E 7E CD 80 50 4F 5D 68 14 6E 40 0D 20 3C 5E 50 4F 63 60 D1 CD 81 3A 46 20 4D 51 41 46 4B 6F 3F 3D 40 4F 1F C0 D7 3F D4 56 65 D5 50 74 73 80 59 5D 80 31 6E 4D 4F 3C 46 CD 42 4C 80 A5 5D 20 42 45 42 4F 6E 4D 41 4A 46 7E 7E 7E CD C9 1E 4A 59 50 54 20 3F 3D 4B 53 D4 17 6E 0E D5 0D CD 5F 6E 42 62 20 52 4A 3C 60 7E 7E 7E 1F C0 02 00 69 00 01 02 22 70 9F 02	<02>D<02>"<84><9E><02><CB><02>d<10>v<9E><02><80><14><02><97><80><F2><02><1D><96><9E><02>"<8D><9E>k<02><1D><EF><9E><02>"<84><9E>k<D7><80>&T ?M<04>e<D4>E<<07><D5>S<CD><C3><02><80>F<81>+g<D4>R<07>Z<D5>PGc<D4>ds<05>s<D5><C3><00>g<CD><80>#aEdM<ch<0A>~~~<CD><80>PO]h<14>n@<0D> <^POc`<D1><CD><81>:F MQAFKo?=@O<1F><C0><D7>?<D4>Ve<D5>Pts<80>Y]<80>1nMO<F<CD>BL<80><A5>] BEBOnMAJF~~~<CD><C9><1E>JYPT ?=KS<D4><17>n<0E><D5><0D><CD>_nBb RJ<`~~~<1F><C0><02><00>i<00><01><02>"p<9F><02>
0x09B201	007D	C3 00 0D CD C3 02 D4 52 07 5A D5 49 3D 06 C3 00 20 00 3F 44 4F 66 64 4D 3C 4D CD 80 CB 17 80 6D 67 81 18 62 50 80 1E 43 4F 42 4D CD 4E 4D 5D 81 37 6E 4D 63 D4 4B 70 3D D5 D1 3F 80 01 20 4B 71 6E 4E 80 1E 6E 4D CD 3B 3C 4C 61 67 20 80 EA 4E 40 47 63 D4 4B 70 3D D5 CD 0D 41 4F 3C 68 0A 6E 4A 61 CD 44 44 54 20 80 3C 46 4D 5E 61 4F 3C D4 4B 70 3D D5 1F C0 D7 59 0A 20 80 CB 80	<C3><00><0D><CD><C3><02><D4>R<07>Z<D5>I=<06><C3><00> <00>?DOfdM<M<CD><80><CB><17><80>mg<81><18>bP<80><1E>COBM<CD>NM]<81>7nMc<D4>Kp=<D5><D1>?<80><01> KqnN<80><1E>nM<CD>;<Lag <80><EA>N@Gc<D4>Kp=<D5><CD><0D>AO<h<0A>nJa<CD>DDT <80><FM^aO<<D4>Kp=<D5><1F><C0><D7>Y<0A> <80><CB><80>
0x09CCE7	0100	0D 20 D4 3C 04 73 63 D5 50 5D CD 80 9C 67 45 48 4D 5E 63 44 4E 00 0D 41 63 1F C0 D7 E0 14 3F 3F 20 81 3A 81 0A 40 7D CD 44 53 81 2B 53 20 40 61 42 62 80 46 82 09 54 CD 80 1D 50 20 60 42 54 4A 61 42 7D D1 44 53 80 2F 4F 61 14 20 59 5D 4F 42 CD 80 BB 5D 20 81 B3 80 2B 47 63 44 4E 0D 3B 65 3D CD 80 E6 60 62 20 81 28 67 5D 3D 47 09 1F C0 D7 E0 14 7E 7E 7E 54 4D CD 44 64 54 20 80 60 82 1D 80 7A 80 7B 4F 80 6D 81 22 67 CD 80 2D 6E 4D 3F 63 D1 4F 50 0F 44 64 54 80 46 53 80 36 80 9A 43 67 47 63 CD 40 61 42 62 80 46 82 09 4E 4F 0F CD C9 1E 0D 54 20 80 BB 53 82 17 80 D6 67 CD 47 63 44 4E 5D 0D 41 63 53 40 0F D1 81 3A 81 0A 60 7D 44 53 40 61 42 62 80 46 82 09 67 CD 80 5C 46 3B 4A 3E 4D 54 20 42 64 51 40 0F CD 20 3F 5E 47 3C 04 80 6C 0D 47 CD 20 3F 44 4E 66 62 46 59 47	<0D> <D4><<04>sc<D5>P]<CD><80><9C>gEHM^cDN<00><0D>Ac<1F><C0><D7><E0><14>?? <81>:<81><0A>@}<CD>DS<81>+S @aBb<80>F<82><09>T<CD><80><1D>P `BTJaB}<D1>DS<80>/Oa<14> Y]OB<CD><80><BB>] <81><B3><80>+GcDN<0D>;e=<CD><80><E6>`b <81>(g]=G<09><1F><C0><D7><E0><14>~~~TM<CD>DdT <80>`<82><1D><80>z<80>{O<80>m<81>"g<CD><80>-nM?c<D1>OP<0F>DdT<80>FS<80>6<80><9A>CgGc<CD>@aBb<80>F<82><09>NO<0F><CD><C9><1E><0D>T <80><BB>S<82><17><80><D6>g<CD>GcDN]<0D>AcS@<0F><D1><81>:<81><0A>`}DS@aBb<80>F<82><09>g<CD><80>\F;J>MT BdQ@<0F><CD> ?^G<<04><80>l<0D>G<CD> ?DNfbFYG
